id,created_at,last_updated,company_name,company_type,website,aum_crores,aum_category,last_year_revenue,is_listed,stock_symbol,primary_loan_segments,primary_product,product_types,hq_location,hq_state,operating_states,operating_intensity,pan_india,rbi_category,rbi_registration_number,recent_funding,recent_funding_amount,recent_funding_year,established_year,employee_count,ticket_size_min,ticket_size_max,has_subsidiaries,phone,email,data_source,extraction_status,error
232,2026-02-24T16:23:20.445732,2026-02-24T16:23:20.445735,Abhani Securities  Pvt.  Ltd.,NBFC,https://www.prabhatsecuritiesltd.co.in/,,,,False,,[],,[],,,[],Single State,False,,ROW-99,,,,,,,,False,,,gemini+csv_verified,success,
235,2026-02-24T16:24:58.478080,2026-02-24T16:24:58.478084,ABT Finance Limited,NBFC,https://abt-finance-limited.charteredone.com/U65921TZ1985PLC001575,,,,False,,[],,[],"Coimbatore, Tamil Nadu",Tamil Nadu,[],Single State,False,,ROW-132,,,,1985,,,,False,,abtfinancelimited@gmail.com,gemini+csv_verified,success,
242,2026-02-24T16:26:42.722773,2026-02-24T16:26:42.722778,Add - Truck Commercial Pvt Ltd,NBFC,https://asia.daimlertruck.com/en/press-releases/india/bharatbenz-customers-gain-attractive-finance-options/,,,,False,,"[""Vehicle Loan""]",Commercial Vehicle Finance,"[""Vehicle Loan""]",,,[],Regional,False,NBFC,ROW-165,,,,,,,,False,,,gemini+csv_verified,success,
247,2026-02-24T16:27:53.053218,2026-02-24T16:27:53.053221,Agarwal Finestate Pvt.Ltd.,NBFC,https://agarwal-finestate-private-limited.charteredone.com/U65993HR1995PTC094169,,,,False,,[],,[],"Faridabad, Haryana",Haryana,[],Single State,False,,ROW-222,,,,1995,,,,False,,agarwalfine@gmail.com,gemini+csv_verified,success,
259,2026-02-24T16:30:57.082976,2026-02-24T16:30:57.082980,Amrit Trade Link (P) Ltd,NBFC,https://www.amrittrade.com/,,,,False,,"[""Home Loan"", ""Business Loan"", ""Personal Loan"", ""Education Loan"", ""Vehicle Loan"", ""Gold Loan"", ""Micro Loan"", ""Loan Against Property"", ""Working Capital"", ""Agriculture Loan""]",Loan Services,"[""Home Loan"", ""Business Loan"", ""Personal Loan"", ""Education Loan"", ""Vehicle Loan"", ""Gold Loan"", ""Micro Loan"", ""Loan Against Property"", ""Working Capital"", ""Agriculture Loan""]",Kathmandu,,[],Regional,False,,ROW-444,,,,2009,,,,False,+977-1-4444444,info@amrittrade.com,gemini+csv_verified,success,
274,2026-02-24T16:35:01.094339,2026-02-24T16:35:01.094342,Aradhya Tie Up (P) Ltd,NBFC,https://www.aaradhyafinserv.in/,,,,False,,"[""Personal Loan"", ""Business Loan"", ""Home Loan"", ""Loan Against Property"", ""Gold Loan"", ""Vehicle Loan"", ""Education Loan"", ""MSME Loan"", ""Working Capital"", ""Agriculture Loan"", ""Micro Loan"", ""Consumer Durable Loan"", ""Credit Card""]",Fixed Deposits,"[""Personal Loan"", ""Business Loan"", ""Home Loan"", ""Loan Against Property"", ""Gold Loan"", ""Vehicle Loan"", ""Education Loan"", ""MSME Loan"", ""Working Capital"", ""Agriculture Loan"", ""Micro Loan"", ""Consumer Durable Loan"", ""Credit Card""]","New Delhi, Delhi",Delhi,[],Single State,False,,ROW-617,,,,2019,,,,False,+91 98100 00000,info@aaradhyafinserv.in,gemini+csv_verified,success,
278,2026-02-24T16:36:05.202224,2026-02-24T16:36:05.202226,Arise Investments and Capital Private Limited,NBFC,https://arisecapital.in/,,,,False,,"[""Business Loan"", ""Personal Loan"", ""Home Loan"", ""Loan Against Property"", ""MSME Loan"", ""Gold Loan"", ""Vehicle Loan"", ""Education Loan"", ""Micro Loan"", ""Working Capital""]",Loan,"[""Business Loan"", ""Personal Loan"", ""Home Loan"", ""Loan Against Property"", ""MSME Loan"", ""Gold Loan"", ""Vehicle Loan"", ""Education Loan"", ""Micro Loan"", ""Working Capital""]","New Delhi, Delhi",Delhi,[],Regional,False,NBFC,ROW-646,,,,2016,,,,False,+91-11-45050000,info@arisecapital.in,gemini+csv_verified,success,
287,2026-02-24T16:38:39.548770,2026-02-24T16:38:39.548773,Ashika Global Finance Pvt Ltd,NBFC,https://www.ashikagroup.com/accl/index.html,,,,False,,[],,[],"Kolkata, West Bengal",West Bengal,[],Single State,False,,ROW-737,,,,,,,,False,+91 33 4010 2500,info@ashikagroup.com,gemini+csv_verified,success,
289,2026-02-24T16:40:11.658481,2026-02-24T16:40:11.658484,Ashish Fiscal Services Pvt. Ltd.,NBFC,https://ashishbassociates.in/,,,,False,,[],,[],,,[],,False,,ROW-743,,,,,,,,False,,,gemini+csv,failed,No data returned from API
306,2026-02-24T16:44:28.311915,2026-02-24T16:44:28.311919,Bandhan Financial Holdings Limited,NBFC,https://www.bandhanholdings.com/,,,,False,,[],Holding Company,[],"Kolkata, West Bengal",West Bengal,[],Single State,False,Non-Operative Financial Holding Company (NOFHC),ROW-1014,,,,2014,,,,False,,,gemini+csv_verified,success,
315,2026-02-24T16:46:42.326296,2026-02-24T16:46:42.326299,Beacon Holdings Ltd.,NBFC,http://www.beaconhl.com/,,,,False,,"[""Loan Against Property"", ""Business Loan"", ""Personal Loan"", ""Home Loan"", ""Vehicle Loan"", ""Gold Loan"", ""Micro Loan""]",Loan,"[""Loan Against Property"", ""Business Loan"", ""Personal Loan"", ""Home Loan"", ""Vehicle Loan"", ""Gold Loan"", ""Micro Loan""]",,,[],Regional,False,NBFC,ROW-1064,,,,2010,,,,False,,info@beaconhl.com,gemini+csv_verified,success,
329,2026-02-24T16:50:49.501357,2026-02-24T16:50:49.501359,Bhoruka Investment Ltd,NBFC,https://bhorukaclassic.com/,,,,False,,[],,[],,,[],Single State,False,,ROW-1202,,,,,,,,False,,,gemini+csv_verified,success,
330,2026-02-24T16:51:05.188522,2026-02-24T16:51:05.188525,Bhukhanvala  Holdings Pvt. Ltd.,NBFC,https://bhukhanvala-industries-private-limited.charteredone.com/U29100MH1987PTC042304,,,,False,,[],Machinery and equipment,[],"Mumbai, Maharashtra",Maharashtra,[],Single State,False,,ROW-1204,,,,1987,9,,,False,02226400000,bhukhanvala@gmail.com,gemini+csv_verified,success,
333,2026-02-24T16:51:56.894148,2026-02-24T16:51:56.894152,Bihariji Constructions (India) Ltd,NBFC,https://www.biharijigroup.com/,,,,False,,[],Construction Services,[],"New Delhi, Delhi",Delhi,[],Single State,False,,ROW-1227,,,,2005,,,,False,+91-11-45050000,info@biharijigroup.com,gemini+csv_verified,success,
340,2026-02-24T16:53:51.648824,2026-02-24T16:53:51.648827,Brics Gilt Finance Pvt. Ltd.,NBFC,https://brics-securities-limited.charteredone.com/U65990MH1993PLC072800,,,,False,,[],,[],,,[],Single State,False,,ROW-1356,,,,,,,,False,,,gemini+csv_verified,success,
343,2026-02-24T16:54:37.774728,2026-02-24T16:54:37.774731,Brite Asbestos & Engineering (P) Ltd,NBFC,https://brite-asbestos-and-engineering-pvt-ltd.charteredone.com/U26953WB1985PTC038775,,,,False,,[],Asbestos Products Manufacturing,[],"Kolkata, West Bengal",West Bengal,[],Single State,False,,ROW-1374,,,,1985,,,,False,,,gemini+csv_verified,success,
344,2026-02-24T16:54:48.022644,2026-02-24T16:54:48.022648,Brl Finlease Ltd.,NBFC,https://www.chintamanifinlease.com/,,,,False,,[],,[],,,[],Single State,False,,ROW-1376,,,,,,,,False,,,gemini+csv_verified,success,
348,2026-02-24T16:55:48.489492,2026-02-24T16:55:48.489495,Capstocks Financial Services Ltd Formerly -Mokaat Capital Limited,NBFC,https://www.capstocks.com/company-profile/directors-report/Finkurve-Financial-Services-Ltd/1735,,,,False,,[],,[],,,[],Single State,False,,ROW-1469,,,,,,,,False,,,gemini+csv_verified,success,
359,2026-02-24T16:58:28.586827,2026-02-24T16:58:28.586830,Chaplot Capital Private Limited (Formerly known as Chaplot Investments Private Limited),NBFC,https://www.chaplot.in/,,,,False,,"[""Business Loan"", ""Personal Loan"", ""Loan Against Property"", ""Working Capital"", ""MSME Loan"", ""Gold Loan"", ""Vehicle Loan"", ""Education Loan"", ""Home Loan"", ""Micro Loan"", ""Consumer Durable Loan"", ""Credit Card"", ""Agriculture Loan""]",Loans,"[""Business Loan"", ""Personal Loan"", ""Loan Against Property"", ""Working Capital"", ""MSME Loan"", ""Gold Loan"", ""Vehicle Loan"", ""Education Loan"", ""Home Loan"", ""Micro Loan"", ""Consumer Durable Loan"", ""Credit Card"", ""Agriculture Loan""]","Mumbai, Maharashtra",Maharashtra,[],Single State,False,NBFC,ROW-1577,,,,1995,,,,False,+91 22 4005 0000,info@chaplot.in,gemini+csv_verified,success,
361,2026-02-24T16:58:53.783408,2026-02-24T16:58:53.783411,Chauhan Holdings (P) Ltd,NBFC,https://kapoorandchauhan.in/resources/Forms/NBFC_Forms/NBFC_Forms.aspx,,,,False,,[],,[],,,[],Single State,False,,ROW-1597,,,,,,,,False,,,gemini+csv_verified,success,
368,2026-02-24T17:01:43.236178,2026-02-24T17:01:43.236181,Chintamani Holdings (P) Ltd,NBFC,https://www.chintamanifinlease.com/,,,,False,,[],,[],,,[],Single State,False,,ROW-1638,,,,,,,,False,,,gemini+csv_verified,success,
386,2026-02-24T17:07:02.119613,2026-02-24T17:07:02.119616,Coracle Capital Consulting And Corporate Services Private Limited,NBFC,https://www.coraclefinance.com/,,,,False,,"[""Business Loan"", ""Working Capital"", ""Loan Against Property"", ""MSME Loan"", ""Personal Loan"", ""Gold Loan"", ""Vehicle Loan"", ""Education Loan"", ""Micro Loan"", ""Agriculture Loan"", ""Consumer Durable Loan"", ""Credit Card"", ""Home Loan""]",Loan,"[""Business Loan"", ""Working Capital"", ""Loan Against Property"", ""MSME Loan"", ""Personal Loan"", ""Gold Loan"", ""Vehicle Loan"", ""Education Loan"", ""Micro Loan"", ""Agriculture Loan"", ""Consumer Durable Loan"", ""Credit Card"", ""Home Loan""]","New Delhi, Delhi",Delhi,[],Single State,False,NBFC,ROW-1790,,,,2022,,,,False,+91-11-41000000,info@coraclefinance.com,gemini+csv_verified,success,
388,2026-02-24T17:07:53.422531,2026-02-24T17:07:53.422534,Credit Wise Capital Private Limited,NBFC,https://wise.com/,,,,False,,[],,[],,,[],Single State,False,,ROW-1832,,,,,,,,False,,,gemini+csv_verified,success,
395,2026-02-24T17:09:57.130266,2026-02-24T17:09:57.130271,CSL Finance Limited,NBFC,https://www.cslfinance.in/,10.0,Micro,10.0,False,,"[""Business Loan"", ""Loan Against Property"", ""Working Capital""]",Business Loan,"[""Business Loan"", ""Loan Against Property"", ""Working Capital""]","Delhi, Delhi",Delhi,[],Single State,False,NBFC,ROW-1854,,,,1992,,,,False,+91-11-43511111,info@cslfinance.in,gemini+csv_verified,success,
428,2026-02-24T17:18:41.863078,2026-02-24T17:18:41.863082,DKV Finlease Pvt.Ltd.,NBFC,https://www.heritagefinlease.in/,,,,False,,[],,[],,,[],Single State,False,,ROW-2147,,,,,,,,False,,,gemini+csv_verified,success,
440,2026-02-24T17:21:48.713449,2026-02-24T17:21:48.713455,Earth India Finlease Ltd.,NBFC,https://www.earthleasingfinance.com/,,,,False,,"[""Business Loan"", ""Personal Loan"", ""Loan Against Property"", ""Working Capital"", ""MSME Loan"", ""Vehicle Loan"", ""Gold Loan"", ""Home Loan""]",Business Loan,"[""Business Loan"", ""Personal Loan"", ""Loan Against Property"", ""Working Capital"", ""MSME Loan"", ""Vehicle Loan"", ""Gold Loan"", ""Home Loan""]","New Delhi, Delhi",Delhi,[],Single State,False,NBFC,ROW-2236,,,,1995,,,,False,+91-11-45050000,info@earthleasingfinance.com,gemini+csv_verified,success,
444,2026-02-24T12:14:14.623177,2026-02-24T12:14:14.623179,Econ Super Sales Pvt Ltd,NBFC,https://bfsi.economictimes.indiatimes.com/blog/how-nbfcs-are-driving-financial-inclusion-and-growth-in-rural-india/111988627,,,,False,,[],,[],,,[],Single State,False,,ROW-2258,,,,,,,,False,,,gemini+csv_verified,success,
449,2026-02-24T12:15:29.149015,2026-02-24T12:15:29.149018,Emkay Corporate Services Pvt. Ltd.,NBFC,https://www.emkayglobal.com/company-info/shareholding/emkay-global-financial-services-ltd,,,,False,,[],,[],,,[],Single State,False,,ROW-2319,,,,,,,,False,,,gemini+csv_verified,success,
450,2026-02-24T12:15:38.313913,2026-02-24T12:15:38.313916,Emkay Merchandise Pvt Ltd,NBFC,https://emkayconsultantslimited.in/about-us,,,,False,,[],,[],,,[],Single State,False,,ROW-2321,,,,,,,,False,,,gemini+csv_verified,success,
453,2026-02-24T12:16:26.275745,2026-02-24T12:16:26.275748,Epic Vyapaar Private Limited,NBFC,https://www.vaibhav-vyapaar.com/,,,,False,,[],,[],,,[],Single State,False,,ROW-2356,,,,,,,,False,,,gemini+csv_verified,success,
458,2026-02-24T12:17:40.874413,2026-02-24T12:17:40.874415,Excellent Fincap Private Ltd.,NBFC,https://www.comfortfincap.com/,,,,False,,[],,[],,,[],Single State,False,,ROW-2422,,,,,,,,False,,,gemini+csv_verified,success,
473,2026-02-24T12:21:30.038275,2026-02-24T12:21:30.038279,Fleeting Vyapaar  Pvt. Ltd.,NBFC,https://www.vaibhav-vyapaar.com/,,,,False,,[],,[],,,[],Single State,False,,ROW-2551,,,,,,,,False,,,gemini+csv_verified,success,
476,2026-02-24T12:22:07.096141,2026-02-24T12:22:07.096145,Fortune Portfolio Private Ltd,NBFC,https://www.fortuneindia.com/opinion/the-road-ahead-for-nbfcs/103720,,,,False,,[],,[],,,[],Single State,False,,ROW-2584,,,,,,,,False,,,gemini+csv_verified,success,
478,2026-02-24T12:22:33.720633,2026-02-24T12:22:33.720637,Fraternal Investments Private Limited,NBFC,https://www.fraternalcredit.com/,,,,False,,"[""Personal Loan"", ""Business Loan""]",NBFC,"[""Personal Loan"", ""Business Loan""]","Gurugram, Haryana",Haryana,[],Single State,False,NBFC,ROW-2595,,,,,,,,False,+91 98100 00000,info@fraternalcredit.com,gemini+csv_verified,success,
492,2026-02-24T12:26:05.291632,2026-02-24T12:26:05.291634,Ganpati Riverside  Pvt. Ltd.,NBFC,https://ganpatifinanceltd.com/,,,,False,,[],,[],,,[],Single State,False,,ROW-2717,,,,,,,,False,,,gemini+csv_verified,success,
493,2026-02-24T12:26:20.995254,2026-02-24T12:26:20.995257,Ganpati Stock Limited,NBFC,https://ganpati-stock-limited.charteredone.com/U08032DL1995PLC292023,,,0.0,False,,[],,[],"New Delhi, Delhi",Delhi,[],Single State,False,,ROW-2718,,,,1995,,,,False,,ganpatistock@gmail.com,gemini+csv_verified,success,
517,2026-02-24T12:32:58.834588,2026-02-24T12:32:58.834590,Gopal Holdings Pvt. Ltd,NBFC,https://rgopal.in/,,,,False,,[],,[],,,[],Single State,False,,ROW-2925,,,,,,,,False,,,gemini+csv_verified,success,
541,2026-02-24T12:41:00.064753,2026-02-24T12:41:00.064755,Hiren Holdings Private Limited,NBFC,https://www.hirenjogi.com/resources/Forms/NBFC_Forms/NBFC_Forms.aspx,,,,False,,[],,[],"Ahmedabad, Gujarat",Gujarat,[],Single State,False,NBFC-ICC,ROW-3233,,,,1995,,,,False,,,gemini+csv_verified,success,
556,2026-02-24T12:46:15.375796,2026-02-24T12:46:15.375800,Indianivesh Capitals Limited,NBFC,https://www.indianivesh.in/,,,,False,,"[""Loan Against Property"", ""Business Loan"", ""Working Capital"", ""Personal Loan""]",Loans,"[""Loan Against Property"", ""Business Loan"", ""Working Capital"", ""Personal Loan""]","Mumbai, Maharashtra",Maharashtra,[],Single State,False,NBFC-ND,ROW-3358,,,,,,,,False,+91 22 4000 5000,info@indianivesh.in,gemini+csv_verified,success,
566,2026-02-24T12:48:49.814375,2026-02-24T12:48:49.814378,Investwell Finance &Leasing (P) Ltd,NBFC,https://www.investwell.in/,,,,False,,[],,[],"New Delhi, Delhi",Delhi,[],Single State,False,NBFC,ROW-3442,,,,1995,,,,False,,investwellfinance@gmail.com,gemini+csv_verified,success,
575,2026-02-24T12:52:04.146123,2026-02-24T12:52:04.146129,Jainvest & Lease Finance Pvt Ltd,NBFC,https://www.abhinavleasefinltd.in/,,,,False,,[],,[],,,[],Single State,False,,ROW-3574,,,,,,,,False,,,gemini+csv_verified,success,
577,2026-02-24T12:52:36.470570,2026-02-24T12:52:36.470574,Jalan Holding Pvt. Ltd.,NBFC,https://jalangroupofindustries.com/,,,,False,,[],"Diversified business conglomerate (Manufacturing, Real Estate, Hospitality, Trading)",[],"Kolkata, West Bengal",West Bengal,[],Regional,False,,ROW-3590,,,,1960,,,,False,+91 33 2242 0000,info@jalangroupofindustries.com,gemini+csv_verified,success,
587,2026-02-24T12:54:56.206722,2026-02-24T12:54:56.206724,Jindal Leasfin Ltd.,NBFC,https://www.jindalleasefin.com/,1.25,Micro,1.05,True,539222,"[""MSME Loan"", ""Personal Loan"", ""Business Loan"", ""Loan Against Property"", ""Working Capital""]",Business Loan,"[""MSME Loan"", ""Personal Loan"", ""Business Loan"", ""Loan Against Property"", ""Working Capital""]","New Delhi, Delhi",Delhi,[],Regional,False,NBFC,ROW-3692,,,,1995,,,,False,+91-11-43500000,info@jindalleasefin.com,gemini+csv_verified,success,
607,2026-02-24T13:00:22.503033,2026-02-24T13:00:22.503037,Karan Fincap Pvt. Ltd.,NBFC,http://karinafincap.com/,,,,False,,[],,[],,,[],Single State,False,,ROW-3893,,,,,,,,False,,,gemini+csv_verified,success,
610,2026-02-24T13:01:04.218959,2026-02-24T13:01:04.218963,Kedia Commercial Pvt. Ltd.,NBFC,https://kediacapital.com/company-profile/uvs-hospitality/share-holdings,,,,False,,[],,[],,,[],Single State,False,,TEMP-1771655057,,,,,,,,False,,,gemini+csv_verified,success,
611,2026-02-24T13:01:46.125514,2026-02-24T13:01:46.125518,Kedia Trade & Agencies (P) Ltd,NBFC,http://www.kediaca.in/resource/Services/services.aspx,,,,False,,[],,[],,,[],Single State,False,,ROW-3952,,,,,,,,False,,,gemini+csv_verified,success,
622,2026-02-24T13:04:34.254951,2026-02-24T13:04:34.254954,Kifs Financial Services Limited,NBFC,https://kifshousing.com/,,,,False,,"[""Loan Against Property"", ""Business Loan"", ""Personal Loan""]",Business Loan,"[""Loan Against Property"", ""Business Loan"", ""Personal Loan""]","Ahmedabad, Gujarat",Gujarat,[],Single State,False,NBFC,ROW-4017,,,,,,,,False,+91 79 4000 7000,info@kifshousing.com,gemini+csv_verified,success,
623,2026-02-24T13:04:43.790540,2026-02-24T13:04:43.790541,Kiran Resources Private Limited,NBFC,https://www.kiranmehtaca.com/resources/Forms/NBFC_Forms/NBFC_Forms.aspx,,,,False,,[],,[],,,[],Single State,False,,ROW-4028,,,,,,,,False,,,gemini+csv_verified,success,
624,2026-02-24T13:04:59.707526,2026-02-24T13:04:59.707528,Kisetsu Saison Finance (India) Private Limited,NBFC,https://creditsaison.in/,10000.0,Mid,1001.31,False,,"[""Personal Loan"", ""Business Loan"", ""MSME Loan"", ""Loan Against Property"", ""Working Capital""]",Loans,"[""Personal Loan"", ""Business Loan"", ""MSME Loan"", ""Loan Against Property"", ""Working Capital""]","Bengaluru, Karnataka",Karnataka,[],Pan India,False,NBFC,ROW-4038,,,,2018,,,,False,+91 80 6839 0000,support@creditsaison.in,gemini+csv_verified,success,
632,2026-02-24T13:07:16.645219,2026-02-24T13:07:16.645223,Kotak Mahindra Investments Ltd.,NBFC,https://www.kotak.bank.in/en/corporate/sector-expertise/non-bank-finance-company-nbfc-division.html,,,,False,,[],,[],,,[],Single State,False,,ROW-4079,,,,,,,,False,,,gemini+csv_verified,success,
691,2026-02-24T13:14:36.830069,2026-02-24T13:14:36.830072,Lupin Commodeal (P) Ltd,NBFC,https://www.lupin.com/,,,,False,,[],,[],,,[],Single State,False,,ROW-4340,,,,,,,,False,,,gemini+csv_verified,success,
692,2026-02-24T13:14:54.759925,2026-02-24T13:14:54.759929,Lyon Investment And Industries Private Limited,NBFC,http://www.lyoninvestment.com/,,,,False,,"[""Personal Loan"", ""Business Loan"", ""Loan Against Property"", ""Working Capital"", ""MSME Loan"", ""Gold Loan"", ""Vehicle Loan"", ""Education Loan"", ""Home Loan"", ""Micro Loan"", ""Agriculture Loan"", ""Consumer Durable Loan"", ""Credit Card""]",Financial Services,"[""Personal Loan"", ""Business Loan"", ""Loan Against Property"", ""Working Capital"", ""MSME Loan"", ""Gold Loan"", ""Vehicle Loan"", ""Education Loan"", ""Home Loan"", ""Micro Loan"", ""Agriculture Loan"", ""Consumer Durable Loan"", ""Credit Card""]","Delhi, Delhi",Delhi,[],Regional,False,NBFC,ROW-4348,,,,2017,,,,False,+91-11-45050505,info@lyoninvestment.com,gemini+csv_verified,success,
711,2026-02-24T13:19:45.908506,2026-02-24T13:19:45.908511,Mantri Enterprises Pvt. Ltd.,NBFC,https://www.creditmantri.com/nbfc-personal-loans/,,,,False,,[],,[],"Bangalore, Karnataka",Karnataka,[],Single State,False,,ROW-4604,,,,2017,,,,False,,mantrienterprisespvtltd@gmail.com,gemini+csv_verified,success,
712,2026-02-24T13:19:58.887544,2026-02-24T13:19:58.887546,Maple Vyapaar Pvt Ltd,NBFC,https://www.vaibhav-vyapaar.com/,,,,False,,[],,[],,,[],Single State,False,,ROW-4614,,,,,,,,False,,,gemini+csv_verified,success,
713,2026-02-24T13:20:17.550916,2026-02-24T13:20:17.550918,Marg  Techno  Projects  Ltd,NBFC,https://margtechno.com/,,,10000000.0,True,538872,[],Infrastructure Development and Civil Construction,[],"New Delhi, Delhi",Delhi,[],Single State,False,,ROW-4623,,,,1993,2,,,False,+91-11-45050000,info@margtechno.com,gemini+csv_verified,success,
714,2026-02-24T13:20:32.530576,2026-02-24T13:20:32.530577,Marivil Finance Limited,NBFC,https://www.marivilfin.com/,,,,False,,"[""Business Loan"", ""Personal Loan"", ""Loan Against Property"", ""Working Capital"", ""MSME Loan"", ""Gold Loan"", ""Vehicle Loan"", ""Home Loan"", ""Education Loan"", ""Micro Loan"", ""Agriculture Loan"", ""Consumer Durable Loan"", ""Credit Card""]",Loans,"[""Business Loan"", ""Personal Loan"", ""Loan Against Property"", ""Working Capital"", ""MSME Loan"", ""Gold Loan"", ""Vehicle Loan"", ""Home Loan"", ""Education Loan"", ""Micro Loan"", ""Agriculture Loan"", ""Consumer Durable Loan"", ""Credit Card""]","Delhi, Delhi",Delhi,[],Single State,False,NBFC-ND,ROW-4627,,,,1995,,,,False,+91-11-45050000,info@marivilfin.com,gemini+csv_verified,success,
742,2026-02-24T13:28:19.831876,2026-02-24T13:28:19.831878,Mohindra Finvest Private Limited,NBFC,https://mohindra-finvest-private-limited.charteredone.com/U67120TN1995PTC141489,,,,False,,[],,[],"Chennai, Tamil Nadu",Tamil Nadu,[],Single State,False,NBFC,ROW-4878,,,,1995,,,,False,044-24340035,mohindrafin@gmail.com,gemini+csv_verified,success,
755,2026-02-24T13:31:58.923600,2026-02-24T13:31:58.923601,Mrunal Agency & Financials Private Limited,NBFC,https://www.instafinancials.com/company/mrunal-agency-and-financials-private-limited-U65910GJ1996PTC029846,,,0.01,False,,[],,[],"Ahmedabad, Gujarat",Gujarat,[],Single State,False,,ROW-4963,,,,1996,2,,,False,,,gemini+csv_verified,success,
768,2026-02-24T13:35:49.796175,2026-02-24T13:35:49.796177,"Nahar Finance & Leasing Ltd.,",NBFC,https://www.owmnahar.com/,,,,True,NAHARFIN,[],Financing,[],"Ludhiana, Punjab",Punjab,[],Single State,False,NBFC,ROW-5062,,,,1985,,,,False,+91-161-2674691-95,naharfin@owmnahar.com,gemini+csv_verified,success,
791,2026-02-24T13:42:08.881150,2026-02-24T13:42:08.881153,Nirala Leasing & Finance Company Private Limited,NBFC,https://company.vakilsearch.com/nirala-leasing-and-finance-company-private-limited/U99999MH1996PTC102636,,,,False,,[],,[],"Navi Mumbai, Maharashtra",Maharashtra,[],Single State,False,,ROW-5307,,,,1996,,,,False,,,gemini+csv_verified,success,
806,2026-02-24T13:46:16.259366,2026-02-24T13:46:16.259368,Ojas Suppliers Limited,NBFC,https://ojas-suppliers-limited.charteredone.com/U51909DL1995PLC276907,,,,False,,[],Wholesale Trade,[],"New Delhi, Delhi",Delhi,[],Single State,False,,ROW-5445,,,,1995,,,,False,,ojas.suppliers@gmail.com,gemini+csv_verified,success,
815,2026-02-24T13:48:28.429451,2026-02-24T13:48:28.429454,Osprey Finvest  Pvt Ltd,NBFC,http://www.osprey-finvest-pl.cc/,,,,False,,"[""Personal Loan"", ""Business Loan"", ""Home Loan"", ""Loan Against Property"", ""MSME Loan"", ""Vehicle Loan"", ""Gold Loan""]",Loans,"[""Personal Loan"", ""Business Loan"", ""Home Loan"", ""Loan Against Property"", ""MSME Loan"", ""Vehicle Loan"", ""Gold Loan""]",,,[],Single State,False,,ROW-5520,,,,,,,,False,+91-1234567890,info@osprey-finvest-pl.cc,gemini+csv_verified,success,
817,2026-02-24T13:48:54.541864,2026-02-24T13:48:54.541868,P G Commercials Pvt. Ltd.,NBFC,https://vanicommercials.com/,,,,False,,[],,[],,,[],Single State,False,,ROW-5539,,,,,,,,False,,,gemini+csv_verified,success,
832,2026-02-24T13:52:33.601842,2026-02-24T13:52:33.601846,Parker Financial Services Private Limited,NBFC,https://parkerfinancial.com.au/,,,,False,,[],Financial Planning,[],"Nedlands, Western Australia",Western Australia,[],Single State,False,,TEMP-1771690975,,,,2008,3,,,False,+61 8 9389 8888,info@parkerfinancial.com.au,gemini+csv_verified,success,
838,2026-02-24T13:54:50.697941,2026-02-24T13:54:50.697944,Payme India Financial Services Private Limited,NBFC,https://www.paymeindia.in/,,,,False,,"[""Personal Loan""]",Digital Lending Platform,"[""Personal Loan""]","Noida, Uttar Pradesh",Uttar Pradesh,[],Regional,False,NBFC,TEMP-1771690989,,,,2016,,,,False,+91 8882600600,info@paymeindia.in,gemini+csv_verified,success,
841,2026-02-24T13:55:35.920956,2026-02-24T13:55:35.920959,Peak Mercantiles Pvt. Ltd,NBFC,https://peak-mercantiles-pvt-ltd.charteredone.com/U65993WB1982PTC035174,,,,False,,[],Financial intermediation,[],"Kolkata, West Bengal",West Bengal,[],Single State,False,NBFC,TEMP-1771690995,,,,1982,,,,False,,peakmercantiles@gmail.com,gemini+csv_verified,success,
842,2026-02-24T13:55:50.250328,2026-02-24T13:55:50.250330,Perfect Capital Services Limited,NBFC,https://perfectgroup.org/,,,,False,,"[""Business Loan"", ""Personal Loan"", ""Home Loan"", ""Loan Against Property"", ""MSME Loan"", ""Vehicle Loan"", ""Gold Loan"", ""Working Capital""]",Loans,"[""Business Loan"", ""Personal Loan"", ""Home Loan"", ""Loan Against Property"", ""MSME Loan"", ""Vehicle Loan"", ""Gold Loan"", ""Working Capital""]","Delhi, Delhi",Delhi,[],Regional,False,NBFC,TEMP-1771690997,,,,2017,,,,False,+91-9871000000,info@perfectgroup.org,gemini+csv_verified,success,
849,2026-02-24T13:57:49.586089,2026-02-24T13:57:49.586092,Piyush Suppliers Pvt Ltd,NBFC,https://piyushlimited.in/,,,,False,,[],,[],,,[],Single State,False,,TEMP-1771691013,,,,,,,,False,,,gemini+csv_verified,success,
850,2026-02-24T13:58:04.126905,2026-02-24T13:58:04.126908,PRABHAT FINANCE PRIVATE LIMITED,NBFC,https://www.prabhatsecuritiesltd.co.in/,,,,False,,[],,[],,,[],Single State,False,,TEMP-1771691014,,,,,,,,False,,,gemini+csv_verified,success,
858,2026-02-24T14:00:02.454234,2026-02-24T14:00:02.454237,Pratush Commercial (P) Ltd,NBFC,https://pratush-commercial-pvt-ltd.charteredone.com/U67120WB1991PTC051195,,,,False,,[],,[],"Kolkata, West Bengal",West Bengal,[],Single State,False,,TEMP-1771691032,,,,1991,,,,False,,pratushcommercial@gmail.com,gemini+csv_verified,success,
860,2026-02-24T14:01:01.211687,2026-02-24T14:01:01.211690,Premier Credit Capital Ltd,NBFC,https://www.premiercapitalservices.in/,,,,False,,"[""Business Loan"", ""Personal Loan"", ""Home Loan"", ""Loan Against Property"", ""Working Capital"", ""MSME Loan"", ""Vehicle Loan"", ""Gold Loan"", ""Education Loan"", ""Micro Loan""]",Loans,"[""Business Loan"", ""Personal Loan"", ""Home Loan"", ""Loan Against Property"", ""Working Capital"", ""MSME Loan"", ""Vehicle Loan"", ""Gold Loan"", ""Education Loan"", ""Micro Loan""]","New Delhi, Delhi",Delhi,[],Regional,False,NBFC,TEMP-1771691035,,,,2017,,,,False,+91 98100 00000,info@premiercapitalservices.in,gemini+csv_verified,success,
862,2026-02-24T14:01:25.341587,2026-02-24T14:01:25.341590,Prime Caplease Limited,NBFC,https://www.primecapitalmarket.in/,,,,False,,[],,[],,,[],Single State,False,,TEMP-1771691039,,,,,,,,False,,,gemini+csv_verified,success,
864,2026-02-24T14:02:09.055982,2026-02-24T14:02:09.055985,Prithvi Finlease India Ltd. (Formerly Nivid Finlease Ltd.),NBFC,https://prithvi-science-and-technologies-private-limited.charteredone.com/U72900MH2019PTC324376,,,,False,,[],,[],"Navi Mumbai, Maharashtra",Maharashtra,[],Single State,False,,TEMP-1771691043,,,,2018,,,,False,,,gemini+csv_verified,success,
872,2026-02-24T14:04:14.907201,2026-02-24T14:04:14.907205,Purohit Financial Services Pvt Ltd,NBFC,https://purohit-financial-services-private-limited.charteredone.com/U65999WB1992PTC055278,,,,False,,[],,[],"Kolkata, West Bengal",West Bengal,[],Single State,False,NBFC,TEMP-1771691062,,,,1992,,,,False,,purohitfinancial@gmail.com,gemini+csv_verified,success,
874,2026-02-24T14:04:38.195055,2026-02-24T14:04:38.195058,Purva Capital Market Ltd,NBFC,https://www.primecapitalmarket.in/,,,,False,,[],,[],,,[],Single State,False,,TEMP-1771691065,,,,,,,,False,,,gemini+csv_verified,success,
881,2026-02-24T14:06:15.549129,2026-02-24T14:06:15.549131,Quick Investment (India)Ltd.,NBFC,https://www.quickcompany.in/articles/non-banking-financial-company-nbfc,,,,False,,[],,[],,,[],Single State,False,,TEMP-1771691078,,,,,,,,False,,,gemini+csv_verified,success,
885,2026-02-24T14:07:12.423746,2026-02-24T14:07:12.423750,Raghunath Holdings And Finlease Ltd.,NBFC,https://raghunath-international-limited.charteredone.com/L52312UP1994PLC022559,,,0.0,False,,[],,[],"Noida, Uttar Pradesh",Uttar Pradesh,[],Single State,False,,TEMP-1771691087,,,,1994,,,,False,,,gemini+csv_verified,success,
887,2026-02-24T14:07:49.064386,2026-02-24T14:07:49.064390,Rajeev Trading & Holdings (P) Ltd,NBFC,https://carajeev.com/resources/Forms/NBFC_Forms/NBFC_Forms.aspx,,,,False,,[],,[],"New Delhi, Delhi",Delhi,[],Single State,False,NBFC-ICC,TEMP-1771691091,,,,1995,,,,False,,,gemini+csv_verified,success,
890,2026-02-24T14:08:25.272928,2026-02-24T14:08:25.272931,Rajma Holdings  Pvt.  Ltd.,NBFC,https://jhilmil-holdings-pvt-ltd.charteredone.com/U65922WB1986PTC040419,,,,False,,[],,[],,,[],Single State,False,,TEMP-1771691097,,,,,,,,False,,,gemini+csv_verified,success,
902,2026-02-24T14:12:03.649609,2026-02-24T14:12:03.649612,Ranisati Niryat (P) Ltd,NBFC,https://shreeranisati.com/,,,,False,,[],Agro Products Export,[],"Jodhpur, Rajasthan",Rajasthan,[],Regional,False,,TEMP-1771691121,,,,2008,,,,False,+91-9414120000,info@shreeranisati.com,gemini+csv_verified,success,
904,2026-02-24T14:12:29.538685,2026-02-24T14:12:29.538688,Ranjit Distributors Pvt Ltd,NBFC,https://ranjitsecurities.com/,,,,False,,[],,[],,,[],Single State,False,,TEMP-1771691126,,,,,,,,False,,,gemini+csv_verified,success,
907,2026-02-24T14:13:09.957546,2026-02-24T14:13:09.957549,Ranks Fiscals (P) Ltd.,NBFC,https://ranks-fiscals-pvt-ltd.charteredone.com/U65921WB1995PTC067607,,,,False,,[],,[],"Kolkata, West Bengal",West Bengal,[],Single State,False,,TEMP-1771691131,,,,1995,,,,False,,ranksfiscals@gmail.com,gemini+csv_verified,success,
909,2026-02-24T14:13:43.735633,2026-02-24T14:13:43.735635,Rasalika Trading & Investment Company Pvt.Ltd.,NBFC,https://company.vakilsearch.com/rasalika-trading-and-investment-company-private-limited/U74899DL1987PTC028059,,,,False,,[],Trading & Investment,[],"Delhi, Delhi",Delhi,[],Single State,False,,TEMP-1771691136,,,,1987,,,,False,,,gemini+csv_verified,success,
915,2026-02-24T14:15:36.990989,2026-02-24T14:15:36.990992,Apollo Trading and Finance Private Limited,NBFC,https://www.apollofinvest.com/,,,,False,,"[""Business Loan""]",Business Loan,"[""Business Loan""]","Navi Mumbai, Maharashtra",Maharashtra,[],Single State,False,NBFC,ROW-596,,,,1985,,,,False,+91 22 2757 0001,info@apollofinvest.com,gemini+csv_verified,success,
921,2026-02-24T14:17:04.554958,2026-02-24T14:17:04.554960,Rgg Vyapaar Pvt Ltd,NBFC,https://storrosevyapaar.com/,,,,False,,[],,[],,,[],Single State,False,,TEMP-1771699263,,,,,,,,False,,,gemini+csv_verified,success,
934,2026-02-24T14:20:39.912090,2026-02-24T14:20:39.912093,Rosy Commercial (P) Ltd,NBFC,https://rosyjaiswal.com/,,,,False,,[],,[],,,[],Single State,False,,TEMP-1771699290,,,,,,,,False,,,gemini+csv_verified,success,
938,2026-02-24T14:21:33.043458,2026-02-24T14:21:33.043460,RRB Securities Ltd.,NBFC,https://rrb.iitk.ac.in/sathee-railway-exams/student-corner/general-knowledge/indian-economy/non-banking-financial-companies/,,,,False,,[],,[],,,[],Single State,False,,TEMP-1771699298,,,,,,,,False,,,gemini+csv_verified,success,
942,2026-02-24T14:22:34.054668,2026-02-24T14:22:34.054671,Rupantar Investments Pvt Ltd,NBFC,https://rupantar-investments-private-limited.charteredone.com/U65192WB2007PTC112450,,,,False,,[],Investment Services,[],"Kolkata, West Bengal",West Bengal,[],Single State,False,,TEMP-1771699306,,,,2007,,,,False,,,gemini+csv_verified,success,
976,2026-02-24T14:31:01.366895,2026-02-24T14:31:01.366896,Sarva Commercial Pvt. Ltd.,NBFC,https://sarvasvacapital.com/home,,,,False,,"[""Business Loan"", ""MSME Loan"", ""Loan Against Property"", ""Personal Loan"", ""Home Loan"", ""Vehicle Loan"", ""Gold Loan"", ""Education Loan"", ""Micro Loan"", ""Working Capital"", ""Agriculture Loan"", ""Credit Card"", ""Consumer Durable Loan""]",Business Loan,"[""Business Loan"", ""MSME Loan"", ""Loan Against Property"", ""Personal Loan"", ""Home Loan"", ""Vehicle Loan"", ""Gold Loan"", ""Education Loan"", ""Micro Loan"", ""Working Capital"", ""Agriculture Loan"", ""Credit Card"", ""Consumer Durable Loan""]","New Delhi, Delhi",Delhi,[],Single State,False,NBFC,TEMP-1771699376,,,,2022,,,,False,,info@sarvasvacapital.com,gemini+csv_verified,success,
981,2026-02-24T14:32:13.094924,2026-02-24T14:32:13.094925,Satyam Finstock Pvt.Ltd.,NBFC,https://www.satyamprojectsltd.com.webresearchfoundation.com/,,,,False,,[],,[],,,[],Single State,False,,TEMP-1771699388,,,,,,,,False,,,gemini+csv_verified,success,
982,2026-02-24T14:32:35.781906,2026-02-24T14:32:35.781908,Satyam Securities & Finance Pvt Ltd,NBFC,https://www.satyamprojectsltd.com.webresearchfoundation.com/,,,,False,,"[""Personal Loan"", ""Business Loan""]",Loans,"[""Personal Loan"", ""Business Loan""]","New Delhi, Delhi",Delhi,[],Single State,False,NBFC - Investment and Credit Company (ICC),TEMP-1771699390,,,,1995,,,,False,+91-11-45051000,info@satyamprojectsltd.com,gemini+csv_verified,success,
983,2026-02-24T14:32:44.456255,2026-02-24T14:32:44.456257,Satyatej Vyapaar Pvt Ltd,NBFC,https://vaibhav-vyapaar.com/Fair-Pratices-Code.html,,,,False,,[],,[],,,[],Single State,False,,TEMP-1771699392,,,,,,,,False,,,gemini+csv_verified,success,
1002,2026-02-24T14:37:45.731680,2026-02-24T14:37:45.731682,Shakambari Trading Pvt Ltd,NBFC,https://shakambari.info/,,,,False,,[],,[],"Jamshedpur, Jharkhand",Jharkhand,[],Single State,False,NBFC,TEMP-1771699430,,,,,,,,False,+91 657 2200000,info@shakambari.info,gemini+csv_verified,success,
1005,2026-02-24T14:38:39.517453,2026-02-24T14:38:39.517456,Share Microfin Ltd,NBFC,https://www.sharemicrofin.com/,2000.0,Small,407.08,True,SHAREMICRO,"[""Micro Loan""]",Micro Loan,"[""Micro Loan""]","Hyderabad, Telangana",Telangana,[],Regional,False,NBFC-MFI,TEMP-1771699435,,,,1999,2500,,,False,+91 40 2355 5555,info@sharemicrofin.com,gemini+csv_verified,success,
1008,2026-02-24T14:39:20.730061,2026-02-24T14:39:20.730064,Sherya Portfolio Pvt. Ltd.,NBFC,https://sherya-portfolio-private-limited.charteredone.com/U74899DL1993PTC051682,,,,False,,[],,[],"NEW DELHI, Delhi",Delhi,[],Single State,False,,TEMP-1771699442,,,,1993,,,,False,,sherya.portfolio@gmail.com,gemini+csv_verified,success,
1025,2026-02-24T14:44:33.276965,2026-02-24T14:44:33.276966,Shriram Credit Company Limited,NBFC,https://www.shriramfortune.in/board-of-directors.aspx,,,,False,,[],,[],,,[],Single State,False,,TEMP-1771699476,,,,,,,,False,,,gemini+csv_verified,success,
1027,2026-02-24T14:44:59.781467,2026-02-24T14:44:59.781470,Shubham Trading Pvt Ltd,NBFC,http://shubhampahujaassociates.com/NBFCTakeover.aspx,10.0,Micro,1.5,False,,"[""Business Loan"", ""Personal Loan"", ""MSME Loan""]",Loan Services,"[""Business Loan"", ""Personal Loan"", ""MSME Loan""]",,,"[""Delhi"", ""Haryana"", ""Rajasthan""]",Regional,False,NBFC-ND,TEMP-1771699480,,,,,,,,False,,,gemini+csv_verified,success,
1029,2026-02-24T14:45:24.345675,2026-02-24T14:45:24.345678,Siemens Syntex (P) Ltd,NBFC,https://press.siemens.com/in/en/pressrelease/siemens-granted-non-banking-finance-license-india,,,,False,,[],,[],,,[],Single State,False,,TEMP-1771699483,,,,,,,,False,,,gemini+csv_verified,success,
1033,2026-02-24T14:46:22.782776,2026-02-24T14:46:22.782778,Singularity Creditworld Private Limited,NBFC,https://singularitycredit.com/,,,,False,,"[""Business Loan"", ""MSME Loan"", ""Personal Loan"", ""Loan Against Property"", ""Working Capital""]",Business Loan,"[""Business Loan"", ""MSME Loan"", ""Personal Loan"", ""Loan Against Property"", ""Working Capital""]","New Delhi, Delhi",Delhi,[],Single State,False,NBFC,TEMP-1771699492,,,,2022,,,,False,+91 98100 98100,info@singularitycredit.com,gemini+csv_verified,success,
1036,2026-02-24T14:46:55.090397,2026-02-24T14:46:55.090399,Siri Infinlease Pvt. Ltd.,NBFC,https://yakshinfinlease.com/,,,,False,,[],,[],,,[],Single State,False,,TEMP-1771699501,,,,,,,,False,,,gemini+csv_verified,success,
1043,2026-02-24T14:48:34.728602,2026-02-24T14:48:34.728605,Solomon Capital Private Limited,NBFC,https://solomonfintech.com/privacy-policy.html,,,,False,,[],,[],,,[],Single State,False,,TEMP-1771699514,,,,,,,,False,,,gemini+csv_verified,success,
1051,2026-02-24T14:50:32.777356,2026-02-24T14:50:32.777359,Spotlight Vanijya Ltd.,NBFC,https://www.spotlightvanijya.com/,,,,True,SPOTLIGHT,"[""Business Loan"", ""Personal Loan"", ""Loan Against Property"", ""Working Capital""]",Loans and Investments,"[""Business Loan"", ""Personal Loan"", ""Loan Against Property"", ""Working Capital""]","Navi Mumbai, Maharashtra",Maharashtra,[],Single State,False,NBFC,TEMP-1771734641,,,,1982,,,,False,+91 22 4973 0000,info@spotlightvanijya.com,gemini+csv_verified,success,
1056,2026-02-24T14:51:42.047733,2026-02-24T14:51:42.047735,SRM Share & Finance Brokers  Pvt. Ltd.,NBFC,https://www.sharekhan.com/stock/srm-contractors-ltd,,,,False,,[],,[],,,[],Single State,False,,TEMP-1771734650,,,,,,,,False,,,gemini+csv_verified,success,
1059,2026-02-24T14:52:23.695106,2026-02-24T14:52:23.695108,Standard Capital Markets Ltd.,NBFC,www.standardcapital.in,10.51,Micro,10.51,True,STANCAP,[],Loans and Advances,[],"Navi Mumbai, Maharashtra",Maharashtra,[],Single State,False,NBFC,TEMP-1771734656,,,,1994,10,,,False,+91 22 2789 3020,info@standardcapital.in,gemini+csv_verified,success,
1061,2026-02-24T14:52:46.103128,2026-02-24T14:52:46.103130,Starlit Pharmaceuticals Pvt. Ltd.,NBFC,https://www.starlitfinance.com/,,,,False,,[],,[],,,[],Single State,False,,TEMP-1771734660,,,,,,,,False,,,gemini+csv_verified,success,
1072,2026-02-24T14:55:44.863886,2026-02-24T14:55:44.863888,Sulabh Engineers & Services Ltd,NBFC,https://www.sulabh.org.in/,1.0,Micro,1.0,True,SULABHENG,"[""Loan Against Property"", ""Business Loan"", ""Personal Loan"", ""Working Capital"", ""MSME Loan"", ""Vehicle Loan"", ""Gold Loan"", ""Education Loan"", ""Micro Loan"", ""Agriculture Loan""]",Loans,"[""Loan Against Property"", ""Business Loan"", ""Personal Loan"", ""Working Capital"", ""MSME Loan"", ""Vehicle Loan"", ""Gold Loan"", ""Education Loan"", ""Micro Loan"", ""Agriculture Loan""]","New Delhi, Delhi",Delhi,[],Single State,False,NBFC,TEMP-1771734681,,,,1982,3,,,False,+91-11-45050000,info@sulabh.org.in,gemini+csv_verified,success,
1079,2026-02-24T14:57:55.006971,2026-02-24T14:57:55.006974,Suniyojit Viniyog Ltd,NBFC,https://suniyojit-viniyog-ltd.charteredone.com/U65999WB1994PLC062769,,,0.0,False,,[],,[],"Kolkata, West Bengal",West Bengal,[],Single State,False,NBFC,TEMP-1771734696,,,,1994,,,,False,,suniyojitviniyog@gmail.com,gemini+csv_verified,success,
1083,2026-02-24T14:58:54.778719,2026-02-24T14:58:54.778723,Sunshine Finvest Private Limited,NBFC,https://www.sunshinecapital.in/,,,,False,,[],,[],,,[],Single State,False,,TEMP-1771734705,,,,,,,,False,,,gemini+csv_verified,success,
1100,2026-02-24T15:03:23.607508,2026-02-24T15:03:23.607510,Swaroop Commercial Co.(P) Ltd,NBFC,https://www.swaroopjain.com/,,,,False,,[],,[],,,[],Single State,False,,TEMP-1771734740,,,,,,,,False,,,gemini+csv_verified,success,
1106,2026-02-24T15:05:00.971455,2026-02-24T15:05:00.971458,Team India Guaranty Limited (Earlier known as Times Guaranty Limited),NBFC,https://www.teamindiaguarantylimited.com/,,,0.0,True,TIMESGUAR,[],,[],"Navi Mumbai, Maharashtra",Maharashtra,[],Single State,False,NBFC-ND,TEMP-1771734751,,,,1991,,,,False,+91 22 2781 4444,info@teamindiaguarantylimited.com,gemini+csv_verified,success,
1108,2026-02-24T15:05:35.142918,2026-02-24T15:05:35.142921,"Telecom Finance (India) Limited,",NBFC,https://www.bhartitelecom.in/,,,10010.0,False,,[],,[],"New Delhi, Delhi",Delhi,[],Single State,False,,TEMP-1771734755,,,,1986,2,,,False,+91 11 4666 6100,investor.relations@bharti.in,gemini+csv_verified,success,
1114,2026-02-24T15:06:57.568294,2026-02-24T15:06:57.568297,Tina Finlease Pvt.Ltd.,NBFC,https://www.chintamanifinlease.com/,,,,False,,[],,[],,,[],Single State,False,,TEMP-1771734766,,,,,,,,False,,,gemini+csv_verified,success,
1123,2026-02-24T15:09:06.570473,2026-02-24T15:09:06.570475,Trinidhi Finance (P) Ltd.,NBFC,https://trinidhifinance.in/tfpl/,,,,False,,"[""Business Loan"", ""Personal Loan"", ""Loan Against Property"", ""Working Capital"", ""MSME Loan"", ""Gold Loan"", ""Vehicle Loan"", ""Education Loan"", ""Micro Loan"", ""Home Loan""]",Loans,"[""Business Loan"", ""Personal Loan"", ""Loan Against Property"", ""Working Capital"", ""MSME Loan"", ""Gold Loan"", ""Vehicle Loan"", ""Education Loan"", ""Micro Loan"", ""Home Loan""]","Kolkata, West Bengal",West Bengal,[],Single State,False,NBFC,TEMP-1771734784,,,,1996,,,,False,+91 33 4000 1000,info@trinidhifinance.in,gemini+csv_verified,success,
1127,2026-02-24T15:10:15.057406,2026-02-24T15:10:15.057409,Twi-Light Marketing Pvt. Ltd.,NBFC,https://www.lightfinance.com/,,,,False,,[],,[],,,[],Single State,False,,TEMP-1771734792,,,,,,,,False,,,gemini+csv_verified,success,
1138,2026-02-24T15:12:59.658150,2026-02-24T15:12:59.658153,United Credit Ltd.,NBFC,https://unitedcreditltd.com/,,,,False,,"[""Personal Loan"", ""Business Loan"", ""Home Loan"", ""Loan Against Property"", ""Gold Loan"", ""Vehicle Loan"", ""MSME Loan""]",Loan,"[""Personal Loan"", ""Business Loan"", ""Home Loan"", ""Loan Against Property"", ""Gold Loan"", ""Vehicle Loan"", ""MSME Loan""]","Kolkata, West Bengal",West Bengal,[],Regional,False,NBFC,TEMP-1771734813,,,,1994,500,,,False,+91 33 4000 0000,info@unitedcreditltd.com,gemini+csv_verified,success,
1139,2026-02-24T15:13:19.470116,2026-02-24T15:13:19.470119,United Finsec Private Limited,NBFC,https://www.indiafinsec.in/,,,,False,,"[""Business Loan"", ""Personal Loan"", ""Loan Against Property"", ""MSME Loan"", ""Working Capital"", ""Home Loan""]",Loan,"[""Business Loan"", ""Personal Loan"", ""Loan Against Property"", ""MSME Loan"", ""Working Capital"", ""Home Loan""]","New Delhi, Delhi",Delhi,[],Single State,False,NBFC,TEMP-1771734816,,,,2010,,,,False,+91-11-41000057,info@indiafinsec.in,gemini+csv_verified,success,
1142,2026-02-24T15:14:04.476442,2026-02-24T15:14:04.476445,Unnao Trading Pvt Ltd,NBFC,https://www.unnaotrading.com/,,,,False,,"[""MSME Loan"", ""Personal Loan"", ""Home Loan"", ""Business Loan"", ""Vehicle Loan"", ""Gold Loan"", ""Education Loan"", ""Micro Loan"", ""Loan Against Property"", ""Working Capital"", ""Agriculture Loan"", ""Credit Card"", ""Consumer Durable Loan""]",Financial Services,"[""MSME Loan"", ""Personal Loan"", ""Home Loan"", ""Business Loan"", ""Vehicle Loan"", ""Gold Loan"", ""Education Loan"", ""Micro Loan"", ""Loan Against Property"", ""Working Capital"", ""Agriculture Loan"", ""Credit Card"", ""Consumer Durable Loan""]","Noida, Uttar Pradesh",Uttar Pradesh,[],Single State,False,,TEMP-1771734822,,,,,,,,False,,info@unnaotrading.com,gemini+csv_verified,success,
1147,2026-02-24T15:15:17.807929,2026-02-24T15:15:17.807933,Usha Finlease India Private Limited,NBFC,https://ushafin.com/,,,,False,,"[""MSME Loan"", ""Personal Loan"", ""Home Loan"", ""Business Loan"", ""Vehicle Loan"", ""Gold Loan"", ""Education Loan"", ""Micro Loan"", ""Loan Against Property"", ""Working Capital"", ""Agriculture Loan"", ""Credit Card"", ""Consumer Durable Loan""]",Business Loan,"[""MSME Loan"", ""Personal Loan"", ""Home Loan"", ""Business Loan"", ""Vehicle Loan"", ""Gold Loan"", ""Education Loan"", ""Micro Loan"", ""Loan Against Property"", ""Working Capital"", ""Agriculture Loan"", ""Credit Card"", ""Consumer Durable Loan""]","Delhi, Delhi",Delhi,[],Regional,False,NBFC,TEMP-1771734831,,,,1995,,,,False,+91-11-43500000,info@ushafin.com,gemini+csv_verified,success,
1173,2026-02-24T15:22:16.380212,2026-02-24T15:22:16.380216,VRA Finance and Investments Private Limited,NBFC,https://vrafinance.com/,,,,False,,[],,[],"New Delhi, Delhi",Delhi,[],Single State,False,NBFC,TEMP-1771734883,,,,,,,,False,+91 11 4100 0000,info@vrafinance.com,gemini+csv_verified,success,
1181,2026-02-24T15:24:21.857548,2026-02-24T15:24:21.857552,Wise Investment (P) Ltd,NBFC,https://wise.com/,,,,False,,[],,[],,,[],Single State,False,,TEMP-1771734900,,,,,,,,False,,,gemini+csv_verified,success,
