company_name,company_type,website,aum_crores,last_year_revenue,is_listed,stock_symbol,primary_loan_segments,primary_product,product_types,hq_location,hq_state,operating_states,operating_intensity,pan_india,rbi_category,rbi_registration_number,recent_funding,recent_funding_amount,recent_funding_year,established_year,employee_count,ticket_size_min,ticket_size_max,has_subsidiaries,phone,email,data_source,extraction_status,error
State Bank of India,PSU Bank,https://sbi.co.in,3584700.0,398400.0,True,SBIN,"[""Home Loan"", ""Personal Loan"", ""Vehicle Loan"", ""Education Loan"", ""Gold Loan"", ""Business Loan"", ""MSME Loan"", ""Agriculture Loan"", ""Working Capital"", ""Loan Against Property"", ""Credit Card""]",Retail and Corporate Banking Services,"[""Home Loan"", ""Personal Loan"", ""Vehicle Loan"", ""Education Loan"", ""Gold Loan"", ""Business Loan"", ""MSME Loan"", ""Agriculture Loan"", ""Working Capital"", ""Loan Against Property"", ""Credit Card""]","Mumbai, Maharashtra",Maharashtra,"[""Andhra Pradesh"", ""Arunachal Pradesh"", ""Assam"", ""Bihar"", ""Chhattisgarh"", ""Goa"", ""Gujarat"", ""Haryana"", ""Himachal Pradesh"", ""Jharkhand"", ""Karnataka"", ""Kerala"", ""Madhya Pradesh"", ""Maharashtra"", ""Manipur"", ""Meghalaya"", ""Mizoram"", ""Nagaland"", ""Odisha"", ""Punjab"", ""Rajasthan"", ""Sikkim"", ""Tamil Nadu"", ""Telangana"", ""Tripura"", ""Uttar Pradesh"", ""Uttarakhand"", ""West Bengal"", ""Delhi"", ""Jammu & Kashmir"", ""Ladakh"", ""Puducherry"", ""Chandigarh"", ""Dadra and Nagar Haveli"", ""Lakshadweep"", ""Andaman and Nicobar Islands""]",Pan India,True,,,,,,1955,232296,,,False,,,gemini_rbi,success,
UCO Bank,PSU Bank,https://www.ucobank.com/,168087.0,20085.66,True,UCOBANK,"[""Home Loan"", ""Personal Loan"", ""Vehicle Loan"", ""Gold Loan"", ""Education Loan"", ""Loan Against Property"", ""MSME Loan"", ""Agriculture Loan"", ""Working Capital""]",Banking Services,"[""Home Loan"", ""Personal Loan"", ""Vehicle Loan"", ""Gold Loan"", ""Education Loan"", ""Loan Against Property"", ""MSME Loan"", ""Agriculture Loan"", ""Working Capital""]","Kolkata, West Bengal",West Bengal,"[""Andhra Pradesh"", ""Arunachal Pradesh"", ""Assam"", ""Bihar"", ""Chhattisgarh"", ""Goa"", ""Gujarat"", ""Haryana"", ""Himachal Pradesh"", ""Jharkhand"", ""Karnataka"", ""Kerala"", ""Madhya Pradesh"", ""Maharashtra"", ""Manipur"", ""Meghalaya"", ""Mizoram"", ""Nagaland"", ""Odisha"", ""Punjab"", ""Rajasthan"", ""Sikkim"", ""Tamil Nadu"", ""Telangana"", ""Tripura"", ""Uttar Pradesh"", ""Uttarakhand"", ""West Bengal"", ""Delhi"", ""Jammu & Kashmir"", ""Ladakh"", ""Puducherry"", ""Chandigarh"", ""Dadra and Nagar Haveli"", ""Lakshadweep"", ""Andaman and Nicobar Islands""]",Pan India,True,,,,,,1943,20830,,,False,,,gemini_rbi,success,
Union Bank of India,PSU Bank,https://www.unionbankofindia.co.in/,971714.0,109926.0,True,UNIONBANK,"[""MSME Loan"", ""Personal Loan"", ""Home Loan"", ""Business Loan"", ""Vehicle Loan"", ""Gold Loan"", ""Education Loan"", ""Loan Against Property"", ""Working Capital"", ""Agriculture Loan"", ""Credit Card"", ""Consumer Durable Loan""]",Banking Services,"[""MSME Loan"", ""Personal Loan"", ""Home Loan"", ""Business Loan"", ""Vehicle Loan"", ""Gold Loan"", ""Education Loan"", ""Loan Against Property"", ""Working Capital"", ""Agriculture Loan"", ""Credit Card"", ""Consumer Durable Loan""]","Mumbai, Maharashtra",Maharashtra,"[""Andhra Pradesh"", ""Arunachal Pradesh"", ""Assam"", ""Bihar"", ""Chhattisgarh"", ""Goa"", ""Gujarat"", ""Haryana"", ""Himachal Pradesh"", ""Jharkhand"", ""Karnataka"", ""Kerala"", ""Madhya Pradesh"", ""Maharashtra"", ""Manipur"", ""Meghalaya"", ""Mizoram"", ""Nagaland"", ""Odisha"", ""Punjab"", ""Rajasthan"", ""Sikkim"", ""Tamil Nadu"", ""Telangana"", ""Tripura"", ""Uttar Pradesh"", ""Uttarakhand"", ""West Bengal"", ""Delhi"", ""Jammu & Kashmir"", ""Ladakh"", ""Puducherry"", ""Chandigarh"", ""Dadra and Nagar Haveli"", ""Lakshadweep"", ""Andaman and Nicobar Islands""]",Pan India,True,,,,,,1919,75000,,,False,,,gemini_rbi,success,
Bank of Baroda,PSU Bank,https://www.bankofbaroda.in,1090000.0,129100.0,True,BANKBARODA,"[""MSME Loan"", ""Personal Loan"", ""Home Loan"", ""Business Loan"", ""Vehicle Loan"", ""Gold Loan"", ""Education Loan"", ""Micro Loan"", ""Loan Against Property"", ""Working Capital"", ""Agriculture Loan"", ""Credit Card"", ""Consumer Durable Loan""]",Banking and Financial Services,"[""MSME Loan"", ""Personal Loan"", ""Home Loan"", ""Business Loan"", ""Vehicle Loan"", ""Gold Loan"", ""Education Loan"", ""Micro Loan"", ""Loan Against Property"", ""Working Capital"", ""Agriculture Loan"", ""Credit Card"", ""Consumer Durable Loan""]","Vadodara, Gujarat",Gujarat,"[""Andhra Pradesh"", ""Arunachal Pradesh"", ""Assam"", ""Bihar"", ""Chhattisgarh"", ""Goa"", ""Gujarat"", ""Haryana"", ""Himachal Pradesh"", ""Jharkhand"", ""Karnataka"", ""Kerala"", ""Madhya Pradesh"", ""Maharashtra"", ""Manipur"", ""Meghalaya"", ""Mizoram"", ""Nagaland"", ""Odisha"", ""Punjab"", ""Rajasthan"", ""Sikkim"", ""Tamil Nadu"", ""Telangana"", ""Tripura"", ""Uttar Pradesh"", ""Uttarakhand"", ""West Bengal"", ""Delhi"", ""Jammu & Kashmir"", ""Ladakh"", ""Puducherry"", ""Chandigarh"", ""Dadra and Nagar Haveli"", ""Lakshadweep"", ""Andaman and Nicobar Islands""]",Pan India,True,,,,,,1908,82123,,,False,,,gemini_rbi,success,
Bank of India,PSU Bank,https://www.bankofindia.co.in/,523597.0,54400.99,True,BANKINDIA,"[""MSME Loan"", ""Personal Loan"", ""Home Loan"", ""Business Loan"", ""Vehicle Loan"", ""Gold Loan"", ""Education Loan"", ""Agriculture Loan"", ""Working Capital""]",Banking Services,"[""MSME Loan"", ""Personal Loan"", ""Home Loan"", ""Business Loan"", ""Vehicle Loan"", ""Gold Loan"", ""Education Loan"", ""Agriculture Loan"", ""Working Capital""]","Mumbai, Maharashtra",Maharashtra,"[""Andhra Pradesh"", ""Arunachal Pradesh"", ""Assam"", ""Bihar"", ""Chhattisgarh"", ""Goa"", ""Gujarat"", ""Haryana"", ""Himachal Pradesh"", ""Jharkhand"", ""Karnataka"", ""Kerala"", ""Madhya Pradesh"", ""Maharashtra"", ""Manipur"", ""Meghalaya"", ""Mizoram"", ""Nagaland"", ""Odisha"", ""Punjab"", ""Rajasthan"", ""Sikkim"", ""Tamil Nadu"", ""Telangana"", ""Tripura"", ""Uttar Pradesh"", ""Uttarakhand"", ""West Bengal"", ""Delhi"", ""Jammu & Kashmir"", ""Ladakh"", ""Puducherry"", ""Chandigarh"", ""Dadra and Nagar Haveli"", ""Lakshadweep"", ""Andaman and Nicobar Islands""]",Pan India,True,,,,,,1906,45744,,,False,,,gemini_rbi,success,
"Bank of Maharashtra, Lok Mangal",PSU Bank,https://bankofmaharashtra.in/,175600.0,19155.54,True,BANKMAH,"[""Home Loan"", ""Vehicle Loan"", ""Personal Loan"", ""Education Loan"", ""Gold Loan"", ""Loan Against Property"", ""MSME Loan"", ""Working Capital"", ""Agriculture Loan"", ""Business Loan""]",Commercial Banking,"[""Home Loan"", ""Vehicle Loan"", ""Personal Loan"", ""Education Loan"", ""Gold Loan"", ""Loan Against Property"", ""MSME Loan"", ""Working Capital"", ""Agriculture Loan"", ""Business Loan""]","Pune, Maharashtra",Maharashtra,"[""Andhra Pradesh"", ""Arunachal Pradesh"", ""Assam"", ""Bihar"", ""Chhattisgarh"", ""Goa"", ""Gujarat"", ""Haryana"", ""Himachal Pradesh"", ""Jharkhand"", ""Karnataka"", ""Kerala"", ""Madhya Pradesh"", ""Maharashtra"", ""Manipur"", ""Meghalaya"", ""Mizoram"", ""Nagaland"", ""Odisha"", ""Punjab"", ""Rajasthan"", ""Sikkim"", ""Tamil Nadu"", ""Telangana"", ""Tripura"", ""Uttar Pradesh"", ""Uttarakhand"", ""West Bengal"", ""Delhi"", ""Jammu & Kashmir"", ""Ladakh"", ""Puducherry"", ""Chandigarh"", ""Dadra and Nagar Haveli"", ""Lakshadweep"", ""Andaman and Nicobar Islands""]",Pan India,True,,,,,,1935,13670,,,False,,,gemini_rbi,success,
Canara Bank,PSU Bank,https://canarabank.com,960940.0,136778.0,True,CANBK,"[""MSME Loan"", ""Personal Loan"", ""Home Loan"", ""Business Loan"", ""Vehicle Loan"", ""Gold Loan"", ""Education Loan"", ""Loan Against Property"", ""Working Capital"", ""Agriculture Loan"", ""Credit Card"", ""Consumer Durable Loan""]",Banking Services,"[""MSME Loan"", ""Personal Loan"", ""Home Loan"", ""Business Loan"", ""Vehicle Loan"", ""Gold Loan"", ""Education Loan"", ""Loan Against Property"", ""Working Capital"", ""Agriculture Loan"", ""Credit Card"", ""Consumer Durable Loan""]","Bengaluru, Karnataka",Karnataka,"[""Andhra Pradesh"", ""Arunachal Pradesh"", ""Assam"", ""Bihar"", ""Chhattisgarh"", ""Goa"", ""Gujarat"", ""Haryana"", ""Himachal Pradesh"", ""Jharkhand"", ""Karnataka"", ""Kerala"", ""Madhya Pradesh"", ""Maharashtra"", ""Manipur"", ""Meghalaya"", ""Mizoram"", ""Nagaland"", ""Odisha"", ""Punjab"", ""Rajasthan"", ""Sikkim"", ""Tamil Nadu"", ""Telangana"", ""Tripura"", ""Uttar Pradesh"", ""Uttarakhand"", ""West Bengal"", ""Delhi"", ""Jammu & Kashmir"", ""Ladakh"", ""Puducherry"", ""Chandigarh"", ""Dadra and Nagar Haveli"", ""Lakshadweep"", ""Andaman and Nicobar Islands""]",Pan India,True,,,,,,1906,88200,,,False,,,gemini_rbi,success,
Central Bank of India,PSU Bank,https://www.centralbankofindia.co.in/,230053.0,36085.0,True,CENTRALBK,"[""MSME Loan"", ""Personal Loan"", ""Home Loan"", ""Vehicle Loan"", ""Gold Loan"", ""Education Loan"", ""Loan Against Property"", ""Working Capital"", ""Agriculture Loan"", ""Consumer Durable Loan""]",Banking Services,"[""MSME Loan"", ""Personal Loan"", ""Home Loan"", ""Vehicle Loan"", ""Gold Loan"", ""Education Loan"", ""Loan Against Property"", ""Working Capital"", ""Agriculture Loan"", ""Consumer Durable Loan""]","Mumbai, Maharashtra",Maharashtra,"[""Andhra Pradesh"", ""Arunachal Pradesh"", ""Assam"", ""Bihar"", ""Chhattisgarh"", ""Goa"", ""Gujarat"", ""Haryana"", ""Himachal Pradesh"", ""Jharkhand"", ""Karnataka"", ""Kerala"", ""Madhya Pradesh"", ""Maharashtra"", ""Manipur"", ""Meghalaya"", ""Mizoram"", ""Nagaland"", ""Odisha"", ""Punjab"", ""Rajasthan"", ""Sikkim"", ""Tamil Nadu"", ""Telangana"", ""Tripura"", ""Uttar Pradesh"", ""Uttarakhand"", ""West Bengal"", ""Delhi"", ""Jammu & Kashmir"", ""Ladakh"", ""Puducherry"", ""Chandigarh"", ""Dadra and Nagar Haveli"", ""Lakshadweep"", ""Andaman and Nicobar Islands""]",Pan India,True,,,,,,1911,32909,,,False,,,gemini_rbi,success,
Indian Overseas Bank,PSU Bank,https://www.iob.in,187390.0,23397.74,True,IOB,"[""Home Loan"", ""Vehicle Loan"", ""Education Loan"", ""Personal Loan"", ""Gold Loan"", ""Loan Against Property"", ""MSME Loan"", ""Agriculture Loan""]",Retail Banking Services,"[""Home Loan"", ""Vehicle Loan"", ""Education Loan"", ""Personal Loan"", ""Gold Loan"", ""Loan Against Property"", ""MSME Loan"", ""Agriculture Loan""]","Chennai, Tamil Nadu",Tamil Nadu,"[""Andhra Pradesh"", ""Arunachal Pradesh"", ""Assam"", ""Bihar"", ""Chhattisgarh"", ""Goa"", ""Gujarat"", ""Haryana"", ""Himachal Pradesh"", ""Jharkhand"", ""Karnataka"", ""Kerala"", ""Madhya Pradesh"", ""Maharashtra"", ""Manipur"", ""Meghalaya"", ""Mizoram"", ""Nagaland"", ""Odisha"", ""Punjab"", ""Rajasthan"", ""Sikkim"", ""Tamil Nadu"", ""Telangana"", ""Tripura"", ""Uttar Pradesh"", ""Uttarakhand"", ""West Bengal"", ""Delhi"", ""Jammu & Kashmir"", ""Ladakh"", ""Puducherry"", ""Chandigarh"", ""Dadra and Nagar Haveli"", ""Lakshadweep"", ""Andaman and Nicobar Islands""]",Pan India,True,,,,,,1937,20830,,,False,,,gemini_rbi,success,
Indian Bank,PSU Bank,https://www.indianbank.in/,517677.0,55275.69,True,INDIANB,"[""MSME Loan"", ""Personal Loan"", ""Home Loan"", ""Vehicle Loan"", ""Gold Loan"", ""Education Loan"", ""Working Capital"", ""Agriculture Loan""]",Banking Services,"[""MSME Loan"", ""Personal Loan"", ""Home Loan"", ""Vehicle Loan"", ""Gold Loan"", ""Education Loan"", ""Working Capital"", ""Agriculture Loan""]","Chennai, Tamil Nadu",Tamil Nadu,"[""Andhra Pradesh"", ""Arunachal Pradesh"", ""Assam"", ""Bihar"", ""Chhattisgarh"", ""Goa"", ""Gujarat"", ""Haryana"", ""Himachal Pradesh"", ""Jharkhand"", ""Karnataka"", ""Kerala"", ""Madhya Pradesh"", ""Maharashtra"", ""Manipur"", ""Meghalaya"", ""Mizoram"", ""Nagaland"", ""Odisha"", ""Punjab"", ""Rajasthan"", ""Sikkim"", ""Tamil Nadu"", ""Telangana"", ""Tripura"", ""Uttar Pradesh"", ""Uttarakhand"", ""West Bengal"", ""Delhi"", ""Jammu & Kashmir"", ""Ladakh"", ""Puducherry"", ""Chandigarh"", ""Dadra and Nagar Haveli"", ""Lakshadweep"", ""Andaman and Nicobar Islands""]",Pan India,True,,,,,,1907,41600,,,False,,,gemini_rbi,success,
Punjab National Bank,PSU Bank,https://www.pnbindia.in,884699.0,102937.31,True,PNB,"[""MSME Loan"", ""Personal Loan"", ""Home Loan"", ""Business Loan"", ""Vehicle Loan"", ""Gold Loan"", ""Education Loan"", ""Loan Against Property"", ""Working Capital"", ""Agriculture Loan"", ""Credit Card"", ""Consumer Durable Loan""]",Banking Services,"[""MSME Loan"", ""Personal Loan"", ""Home Loan"", ""Business Loan"", ""Vehicle Loan"", ""Gold Loan"", ""Education Loan"", ""Loan Against Property"", ""Working Capital"", ""Agriculture Loan"", ""Credit Card"", ""Consumer Durable Loan""]","New Delhi, Delhi",Delhi,"[""Andhra Pradesh"", ""Arunachal Pradesh"", ""Assam"", ""Bihar"", ""Chhattisgarh"", ""Goa"", ""Gujarat"", ""Haryana"", ""Himachal Pradesh"", ""Jharkhand"", ""Karnataka"", ""Kerala"", ""Madhya Pradesh"", ""Maharashtra"", ""Manipur"", ""Meghalaya"", ""Mizoram"", ""Nagaland"", ""Odisha"", ""Punjab"", ""Rajasthan"", ""Sikkim"", ""Tamil Nadu"", ""Telangana"", ""Tripura"", ""Uttar Pradesh"", ""Uttarakhand"", ""West Bengal"", ""Delhi"", ""Jammu & Kashmir"", ""Ladakh"", ""Puducherry"", ""Chandigarh"", ""Dadra and Nagar Haveli"", ""Lakshadweep"", ""Andaman and Nicobar Islands""]",Pan India,True,,,,,,1895,102891,,,False,,,gemini_rbi,success,
"Punjab & Sind Bank, Bank",PSU Bank,https://www.psbindia.com/,98600.0,10724.84,True,PSB,"[""MSME Loan"", ""Personal Loan"", ""Home Loan"", ""Business Loan"", ""Vehicle Loan"", ""Gold Loan"", ""Education Loan"", ""Loan Against Property"", ""Working Capital"", ""Agriculture Loan"", ""Credit Card"", ""Consumer Durable Loan""]",Financial Services,"[""MSME Loan"", ""Personal Loan"", ""Home Loan"", ""Business Loan"", ""Vehicle Loan"", ""Gold Loan"", ""Education Loan"", ""Loan Against Property"", ""Working Capital"", ""Agriculture Loan"", ""Credit Card"", ""Consumer Durable Loan""]","New Delhi, Delhi",Delhi,"[""Andhra Pradesh"", ""Arunachal Pradesh"", ""Assam"", ""Bihar"", ""Chhattisgarh"", ""Goa"", ""Gujarat"", ""Haryana"", ""Himachal Pradesh"", ""Jharkhand"", ""Karnataka"", ""Kerala"", ""Madhya Pradesh"", ""Maharashtra"", ""Manipur"", ""Meghalaya"", ""Mizoram"", ""Nagaland"", ""Odisha"", ""Punjab"", ""Rajasthan"", ""Sikkim"", ""Tamil Nadu"", ""Telangana"", ""Tripura"", ""Uttar Pradesh"", ""Uttarakhand"", ""West Bengal"", ""Delhi"", ""Jammu & Kashmir"", ""Ladakh"", ""Puducherry"", ""Chandigarh"", ""Dadra and Nagar Haveli"", ""Lakshadweep"", ""Andaman and Nicobar Islands""]",Pan India,True,,,,,,1908,8249,,,False,,,gemini_rbi,success,
Axis Bank Limited,Private Bank,https://www.axisbank.com,993589.0,136846.57,True,AXISBANK,"[""MSME Loan"", ""Personal Loan"", ""Home Loan"", ""Business Loan"", ""Vehicle Loan"", ""Gold Loan"", ""Education Loan"", ""Loan Against Property"", ""Working Capital"", ""Credit Card""]",Banking Services,"[""MSME Loan"", ""Personal Loan"", ""Home Loan"", ""Business Loan"", ""Vehicle Loan"", ""Gold Loan"", ""Education Loan"", ""Loan Against Property"", ""Working Capital"", ""Credit Card""]","Mumbai, Maharashtra",Maharashtra,"[""Andhra Pradesh"", ""Arunachal Pradesh"", ""Assam"", ""Bihar"", ""Chhattisgarh"", ""Goa"", ""Gujarat"", ""Haryana"", ""Himachal Pradesh"", ""Jharkhand"", ""Karnataka"", ""Kerala"", ""Madhya Pradesh"", ""Maharashtra"", ""Manipur"", ""Meghalaya"", ""Mizoram"", ""Nagaland"", ""Odisha"", ""Punjab"", ""Rajasthan"", ""Sikkim"", ""Tamil Nadu"", ""Telangana"", ""Tripura"", ""Uttar Pradesh"", ""Uttarakhand"", ""West Bengal"", ""Delhi"", ""Jammu & Kashmir"", ""Ladakh"", ""Puducherry"", ""Chandigarh"", ""Dadra and Nagar Haveli"", ""Lakshadweep"", ""Andaman and Nicobar Islands""]",Pan India,True,,,,,,1993,100000,,,False,,,gemini_rbi,success,
Bandhan Bank Limited,Private Bank,https://bandhanbank.com/,129777.0,19523.58,True,BANDHANBNK,"[""Micro Loan"", ""MSME Loan"", ""Home Loan"", ""Personal Loan"", ""Gold Loan"", ""Agriculture Loan""]",Micro Loans,"[""Micro Loan"", ""MSME Loan"", ""Home Loan"", ""Personal Loan"", ""Gold Loan"", ""Agriculture Loan""]","Kolkata, West Bengal",West Bengal,"[""Andhra Pradesh"", ""Arunachal Pradesh"", ""Assam"", ""Bihar"", ""Chhattisgarh"", ""Goa"", ""Gujarat"", ""Haryana"", ""Himachal Pradesh"", ""Jharkhand"", ""Karnataka"", ""Kerala"", ""Madhya Pradesh"", ""Maharashtra"", ""Manipur"", ""Meghalaya"", ""Mizoram"", ""Nagaland"", ""Odisha"", ""Punjab"", ""Rajasthan"", ""Sikkim"", ""Tamil Nadu"", ""Telangana"", ""Tripura"", ""Uttar Pradesh"", ""Uttarakhand"", ""West Bengal"", ""Delhi"", ""Jammu & Kashmir"", ""Ladakh"", ""Puducherry"", ""Chandigarh"", ""Dadra and Nagar Haveli"", ""Lakshadweep"", ""Andaman and Nicobar Islands""]",Pan India,True,,,,,,2015,74500,,,False,,,gemini_rbi,success,
CSB Bank Limited,Private Bank,https://www.csb.co.in/,21348.56,3222.01,True,CSBBANK,"[""Gold Loan"", ""MSME Loan"", ""Home Loan"", ""Vehicle Loan"", ""Personal Loan"", ""Agriculture Loan""]",Banking Services,"[""Gold Loan"", ""MSME Loan"", ""Home Loan"", ""Vehicle Loan"", ""Personal Loan"", ""Agriculture Loan""]","Thrissur, Kerala",Kerala,"[""Andhra Pradesh"", ""Arunachal Pradesh"", ""Assam"", ""Bihar"", ""Chhattisgarh"", ""Goa"", ""Gujarat"", ""Haryana"", ""Himachal Pradesh"", ""Jharkhand"", ""Karnataka"", ""Kerala"", ""Madhya Pradesh"", ""Maharashtra"", ""Manipur"", ""Meghalaya"", ""Mizoram"", ""Nagaland"", ""Odisha"", ""Punjab"", ""Rajasthan"", ""Sikkim"", ""Tamil Nadu"", ""Telangana"", ""Tripura"", ""Uttar Pradesh"", ""Uttarakhand"", ""West Bengal"", ""Delhi"", ""Jammu & Kashmir"", ""Ladakh"", ""Puducherry"", ""Chandigarh"", ""Dadra and Nagar Haveli"", ""Lakshadweep"", ""Andaman and Nicobar Islands""]",Pan India,True,,,,,,1920,6787,,,False,,,gemini_rbi,success,
City Union Bank Limited,Private Bank,https://www.cityunionbank.com,49410.0,5876.59,True,CUB,"[""MSME Loan"", ""Personal Loan"", ""Home Loan"", ""Business Loan"", ""Vehicle Loan"", ""Gold Loan"", ""Agriculture Loan"", ""Loan Against Property"", ""Working Capital""]",Comprehensive Banking Services,"[""MSME Loan"", ""Personal Loan"", ""Home Loan"", ""Business Loan"", ""Vehicle Loan"", ""Gold Loan"", ""Agriculture Loan"", ""Loan Against Property"", ""Working Capital""]","Kumbakonam, Tamil Nadu",Tamil Nadu,"[""Andhra Pradesh"", ""Arunachal Pradesh"", ""Assam"", ""Bihar"", ""Chhattisgarh"", ""Goa"", ""Gujarat"", ""Haryana"", ""Himachal Pradesh"", ""Jharkhand"", ""Karnataka"", ""Kerala"", ""Madhya Pradesh"", ""Maharashtra"", ""Manipur"", ""Meghalaya"", ""Mizoram"", ""Nagaland"", ""Odisha"", ""Punjab"", ""Rajasthan"", ""Sikkim"", ""Tamil Nadu"", ""Telangana"", ""Tripura"", ""Uttar Pradesh"", ""Uttarakhand"", ""West Bengal"", ""Delhi"", ""Jammu & Kashmir"", ""Ladakh"", ""Puducherry"", ""Chandigarh"", ""Dadra and Nagar Haveli"", ""Lakshadweep"", ""Andaman and Nicobar Islands""]",Regional,True,,,,,,1904,7720,,,False,,,gemini_rbi,success,
DCB Bank Limited,Private Bank,https://www.dcbbank.com/,36666.0,5166.0,True,DCBBANK,"[""MSME Loan"", ""Home Loan"", ""Loan Against Property"", ""Gold Loan"", ""Business Loan"", ""Personal Loan"", ""Agriculture Loan"", ""Working Capital"", ""Vehicle Loan""]",Banking Services,"[""MSME Loan"", ""Home Loan"", ""Loan Against Property"", ""Gold Loan"", ""Business Loan"", ""Personal Loan"", ""Agriculture Loan"", ""Working Capital"", ""Vehicle Loan""]","Mumbai, Maharashtra",Maharashtra,"[""Andhra Pradesh"", ""Arunachal Pradesh"", ""Assam"", ""Bihar"", ""Chhattisgarh"", ""Goa"", ""Gujarat"", ""Haryana"", ""Himachal Pradesh"", ""Jharkhand"", ""Karnataka"", ""Kerala"", ""Madhya Pradesh"", ""Maharashtra"", ""Manipur"", ""Meghalaya"", ""Mizoram"", ""Nagaland"", ""Odisha"", ""Punjab"", ""Rajasthan"", ""Sikkim"", ""Tamil Nadu"", ""Telangana"", ""Tripura"", ""Uttar Pradesh"", ""Uttarakhand"", ""West Bengal"", ""Delhi"", ""Jammu & Kashmir"", ""Ladakh"", ""Puducherry"", ""Chandigarh"", ""Dadra and Nagar Haveli"", ""Lakshadweep"", ""Andaman and Nicobar Islands""]",Pan India,True,,,,,,1995,10400,,,False,,,gemini_rbi,success,
Dhanlaxmi Bank Limited,Private Bank,https://www.dhanbank.com/,9908.73,1194.27,True,DHANBANK,"[""Home Loan"", ""Gold Loan"", ""Vehicle Loan"", ""Business Loan"", ""Loan Against Property"", ""Personal Loan"", ""Education Loan"", ""Agriculture Loan"", ""MSME Loan""]",Banking Services,"[""Home Loan"", ""Gold Loan"", ""Vehicle Loan"", ""Business Loan"", ""Loan Against Property"", ""Personal Loan"", ""Education Loan"", ""Agriculture Loan"", ""MSME Loan""]","Thrissur, Kerala",Kerala,"[""Andhra Pradesh"", ""Arunachal Pradesh"", ""Assam"", ""Bihar"", ""Chhattisgarh"", ""Goa"", ""Gujarat"", ""Haryana"", ""Himachal Pradesh"", ""Jharkhand"", ""Karnataka"", ""Kerala"", ""Madhya Pradesh"", ""Maharashtra"", ""Manipur"", ""Meghalaya"", ""Mizoram"", ""Nagaland"", ""Odisha"", ""Punjab"", ""Rajasthan"", ""Sikkim"", ""Tamil Nadu"", ""Telangana"", ""Tripura"", ""Uttar Pradesh"", ""Uttarakhand"", ""West Bengal"", ""Delhi"", ""Jammu & Kashmir"", ""Ladakh"", ""Puducherry"", ""Chandigarh"", ""Dadra and Nagar Haveli"", ""Lakshadweep"", ""Andaman and Nicobar Islands""]",Regional,True,,,,,,1927,2058,,,False,,,gemini_rbi,success,
Federal Bank Limited,Private Bank,https://www.federalbank.co.in,212763.09,24491.7,True,FEDERALBNK,"[""MSME Loan"", ""Personal Loan"", ""Home Loan"", ""Business Loan"", ""Vehicle Loan"", ""Gold Loan"", ""Education Loan"", ""Loan Against Property"", ""Working Capital"", ""Agriculture Loan"", ""Credit Card""]",Banking Services,"[""MSME Loan"", ""Personal Loan"", ""Home Loan"", ""Business Loan"", ""Vehicle Loan"", ""Gold Loan"", ""Education Loan"", ""Loan Against Property"", ""Working Capital"", ""Agriculture Loan"", ""Credit Card""]","Aluva, Kerala",Kerala,"[""Andhra Pradesh"", ""Arunachal Pradesh"", ""Assam"", ""Bihar"", ""Chhattisgarh"", ""Goa"", ""Gujarat"", ""Haryana"", ""Himachal Pradesh"", ""Jharkhand"", ""Karnataka"", ""Kerala"", ""Madhya Pradesh"", ""Maharashtra"", ""Manipur"", ""Meghalaya"", ""Mizoram"", ""Nagaland"", ""Odisha"", ""Punjab"", ""Rajasthan"", ""Sikkim"", ""Tamil Nadu"", ""Telangana"", ""Tripura"", ""Uttar Pradesh"", ""Uttarakhand"", ""West Bengal"", ""Delhi"", ""Jammu & Kashmir"", ""Ladakh"", ""Puducherry"", ""Chandigarh"", ""Dadra and Nagar Haveli"", ""Lakshadweep"", ""Andaman and Nicobar Islands""]",Pan India,True,,,,,,1931,19909,,,False,,,gemini_rbi,success,
HDFC Bank Limited,Private Bank,https://www.hdfcbank.com/,2469300.0,226815.4,True,HDFCBANK,"[""MSME Loan"", ""Personal Loan"", ""Home Loan"", ""Business Loan"", ""Vehicle Loan"", ""Gold Loan"", ""Education Loan"", ""Loan Against Property"", ""Working Capital"", ""Agriculture Loan"", ""Credit Card"", ""Consumer Durable Loan""]",Banking Services,"[""MSME Loan"", ""Personal Loan"", ""Home Loan"", ""Business Loan"", ""Vehicle Loan"", ""Gold Loan"", ""Education Loan"", ""Loan Against Property"", ""Working Capital"", ""Agriculture Loan"", ""Credit Card"", ""Consumer Durable Loan""]","Mumbai, Maharashtra",Maharashtra,"[""Andhra Pradesh"", ""Arunachal Pradesh"", ""Assam"", ""Bihar"", ""Chhattisgarh"", ""Goa"", ""Gujarat"", ""Haryana"", ""Himachal Pradesh"", ""Jharkhand"", ""Karnataka"", ""Kerala"", ""Madhya Pradesh"", ""Maharashtra"", ""Manipur"", ""Meghalaya"", ""Mizoram"", ""Nagaland"", ""Odisha"", ""Punjab"", ""Rajasthan"", ""Sikkim"", ""Tamil Nadu"", ""Telangana"", ""Tripura"", ""Uttar Pradesh"", ""Uttarakhand"", ""West Bengal"", ""Delhi"", ""Jammu & Kashmir"", ""Ladakh"", ""Puducherry"", ""Chandigarh"", ""Dadra and Nagar Haveli"", ""Lakshadweep"", ""Andaman and Nicobar Islands""]",Pan India,True,,,,,,1994,177077,,,False,,,gemini_rbi,success,
ICICI Bank Limited,Private Bank,https://www.icicibank.com,1184000.0,187878.0,True,ICICIBANK,"[""MSME Loan"", ""Personal Loan"", ""Home Loan"", ""Business Loan"", ""Vehicle Loan"", ""Gold Loan"", ""Education Loan"", ""Loan Against Property"", ""Working Capital"", ""Agriculture Loan"", ""Credit Card"", ""Consumer Durable Loan""]",Banking,"[""MSME Loan"", ""Personal Loan"", ""Home Loan"", ""Business Loan"", ""Vehicle Loan"", ""Gold Loan"", ""Education Loan"", ""Loan Against Property"", ""Working Capital"", ""Agriculture Loan"", ""Credit Card"", ""Consumer Durable Loan""]","Mumbai, Maharashtra",Maharashtra,"[""Andhra Pradesh"", ""Arunachal Pradesh"", ""Assam"", ""Bihar"", ""Chhattisgarh"", ""Goa"", ""Gujarat"", ""Haryana"", ""Himachal Pradesh"", ""Jharkhand"", ""Karnataka"", ""Kerala"", ""Madhya Pradesh"", ""Maharashtra"", ""Manipur"", ""Meghalaya"", ""Mizoram"", ""Nagaland"", ""Odisha"", ""Punjab"", ""Rajasthan"", ""Sikkim"", ""Tamil Nadu"", ""Telangana"", ""Tripura"", ""Uttar Pradesh"", ""Uttarakhand"", ""West Bengal"", ""Delhi"", ""Jammu & Kashmir"", ""Ladakh"", ""Puducherry"", ""Chandigarh"", ""Dadra and Nagar Haveli"", ""Lakshadweep"", ""Andaman and Nicobar Islands""]",Pan India,True,,,,,,1994,128450,,,False,,,gemini_rbi,success,
IndusInd Bank Limited,Private Bank,https://www.indusind.com/,327000.0,47665.41,True,INDUSINDBK,"[""MSME Loan"", ""Personal Loan"", ""Home Loan"", ""Business Loan"", ""Vehicle Loan"", ""Gold Loan"", ""Loan Against Property"", ""Working Capital"", ""Agriculture Loan"", ""Credit Card"", ""Micro Loan""]",Banking Services,"[""MSME Loan"", ""Personal Loan"", ""Home Loan"", ""Business Loan"", ""Vehicle Loan"", ""Gold Loan"", ""Loan Against Property"", ""Working Capital"", ""Agriculture Loan"", ""Credit Card"", ""Micro Loan""]","Mumbai, Maharashtra",Maharashtra,"[""Andhra Pradesh"", ""Arunachal Pradesh"", ""Assam"", ""Bihar"", ""Chhattisgarh"", ""Goa"", ""Gujarat"", ""Haryana"", ""Himachal Pradesh"", ""Jharkhand"", ""Karnataka"", ""Kerala"", ""Madhya Pradesh"", ""Maharashtra"", ""Manipur"", ""Meghalaya"", ""Mizoram"", ""Nagaland"", ""Odisha"", ""Punjab"", ""Rajasthan"", ""Sikkim"", ""Tamil Nadu"", ""Telangana"", ""Tripura"", ""Uttar Pradesh"", ""Uttarakhand"", ""West Bengal"", ""Delhi"", ""Jammu & Kashmir"", ""Ladakh"", ""Puducherry"", ""Chandigarh"", ""Dadra and Nagar Haveli"", ""Lakshadweep"", ""Andaman and Nicobar Islands""]",Pan India,True,,,,,,1994,38000,,,False,,,gemini_rbi,success,
IDFC FIRST Bank Limited,Private Bank,https://www.idfcfirstbank.com/,189984.0,32930.56,True,IDFCFIRSTB,"[""Personal Loan"", ""Home Loan"", ""Vehicle Loan"", ""Loan Against Property"", ""Credit Card"", ""MSME Loan"", ""Agriculture Loan"", ""Gold Loan"", ""Consumer Durable Loan"", ""Business Loan""]",Personal Loan,"[""Personal Loan"", ""Home Loan"", ""Vehicle Loan"", ""Loan Against Property"", ""Credit Card"", ""MSME Loan"", ""Agriculture Loan"", ""Gold Loan"", ""Consumer Durable Loan"", ""Business Loan""]","Mumbai, Maharashtra",Maharashtra,"[""Andhra Pradesh"", ""Arunachal Pradesh"", ""Assam"", ""Bihar"", ""Chhattisgarh"", ""Goa"", ""Gujarat"", ""Haryana"", ""Himachal Pradesh"", ""Jharkhand"", ""Karnataka"", ""Kerala"", ""Madhya Pradesh"", ""Maharashtra"", ""Manipur"", ""Meghalaya"", ""Mizoram"", ""Nagaland"", ""Odisha"", ""Punjab"", ""Rajasthan"", ""Sikkim"", ""Tamil Nadu"", ""Telangana"", ""Tripura"", ""Uttar Pradesh"", ""Uttarakhand"", ""West Bengal"", ""Delhi"", ""Jammu & Kashmir"", ""Ladakh"", ""Puducherry"", ""Chandigarh"", ""Dadra and Nagar Haveli"", ""Lakshadweep"", ""Andaman and Nicobar Islands""]",Pan India,True,,,,,,2018,39560,,,False,,,gemini_rbi,success,
Jammu & Kashmir Bank Limited,Private Bank,https://www.jkb.co.in,93763.49,10902.94,True,J&KBANK,"[""MSME Loan"", ""Personal Loan"", ""Home Loan"", ""Business Loan"", ""Vehicle Loan"", ""Gold Loan"", ""Education Loan"", ""Loan Against Property"", ""Working Capital"", ""Agriculture Loan""]",Banking Services,"[""MSME Loan"", ""Personal Loan"", ""Home Loan"", ""Business Loan"", ""Vehicle Loan"", ""Gold Loan"", ""Education Loan"", ""Loan Against Property"", ""Working Capital"", ""Agriculture Loan""]","Srinagar, Jammu and Kashmir",Jammu and Kashmir,"[""Andhra Pradesh"", ""Arunachal Pradesh"", ""Assam"", ""Bihar"", ""Chhattisgarh"", ""Goa"", ""Gujarat"", ""Haryana"", ""Himachal Pradesh"", ""Jharkhand"", ""Karnataka"", ""Kerala"", ""Madhya Pradesh"", ""Maharashtra"", ""Manipur"", ""Meghalaya"", ""Mizoram"", ""Nagaland"", ""Odisha"", ""Punjab"", ""Rajasthan"", ""Sikkim"", ""Tamil Nadu"", ""Telangana"", ""Tripura"", ""Uttar Pradesh"", ""Uttarakhand"", ""West Bengal"", ""Delhi"", ""Jammu & Kashmir"", ""Ladakh"", ""Puducherry"", ""Chandigarh"", ""Dadra and Nagar Haveli"", ""Lakshadweep"", ""Andaman and Nicobar Islands""]",Pan India,True,,,,,,1938,12940,,,False,,,gemini_rbi,success,
Karnataka Bank Limited,Private Bank,https://www.karnatakabank.com/,69747.0,9534.86,True,KTKBANK,"[""MSME Loan"", ""Personal Loan"", ""Home Loan"", ""Business Loan"", ""Vehicle Loan"", ""Gold Loan"", ""Education Loan"", ""Loan Against Property"", ""Working Capital"", ""Agriculture Loan"", ""Credit Card"", ""Consumer Durable Loan""]",Banking Services,"[""MSME Loan"", ""Personal Loan"", ""Home Loan"", ""Business Loan"", ""Vehicle Loan"", ""Gold Loan"", ""Education Loan"", ""Loan Against Property"", ""Working Capital"", ""Agriculture Loan"", ""Credit Card"", ""Consumer Durable Loan""]","Mangaluru, Karnataka",Karnataka,"[""Andhra Pradesh"", ""Arunachal Pradesh"", ""Assam"", ""Bihar"", ""Chhattisgarh"", ""Goa"", ""Gujarat"", ""Haryana"", ""Himachal Pradesh"", ""Jharkhand"", ""Karnataka"", ""Kerala"", ""Madhya Pradesh"", ""Maharashtra"", ""Manipur"", ""Meghalaya"", ""Mizoram"", ""Nagaland"", ""Odisha"", ""Punjab"", ""Rajasthan"", ""Sikkim"", ""Tamil Nadu"", ""Telangana"", ""Tripura"", ""Uttar Pradesh"", ""Uttarakhand"", ""West Bengal"", ""Delhi"", ""Jammu & Kashmir"", ""Ladakh"", ""Puducherry"", ""Chandigarh"", ""Dadra and Nagar Haveli"", ""Lakshadweep"", ""Andaman and Nicobar Islands""]",Pan India,True,,,,,,1924,9000,,,False,,,gemini_rbi,success,
Karur Vysya Bank Limited,Private Bank,https://www.kvb.co.in/,70992.0,8209.68,True,KVB,"[""MSME Loan"", ""Personal Loan"", ""Home Loan"", ""Vehicle Loan"", ""Gold Loan"", ""Education Loan"", ""Loan Against Property"", ""Agriculture Loan""]",Commercial Banking Services,"[""MSME Loan"", ""Personal Loan"", ""Home Loan"", ""Vehicle Loan"", ""Gold Loan"", ""Education Loan"", ""Loan Against Property"", ""Agriculture Loan""]","Karur, Tamil Nadu",Tamil Nadu,"[""Andhra Pradesh"", ""Arunachal Pradesh"", ""Assam"", ""Bihar"", ""Chhattisgarh"", ""Goa"", ""Gujarat"", ""Haryana"", ""Himachal Pradesh"", ""Jharkhand"", ""Karnataka"", ""Kerala"", ""Madhya Pradesh"", ""Maharashtra"", ""Manipur"", ""Meghalaya"", ""Mizoram"", ""Nagaland"", ""Odisha"", ""Punjab"", ""Rajasthan"", ""Sikkim"", ""Tamil Nadu"", ""Telangana"", ""Tripura"", ""Uttar Pradesh"", ""Uttarakhand"", ""West Bengal"", ""Delhi"", ""Jammu & Kashmir"", ""Ladakh"", ""Puducherry"", ""Chandigarh"", ""Dadra and Nagar Haveli"", ""Lakshadweep"", ""Andaman and Nicobar Islands""]",Pan India,True,,,,,,1916,7084,,,False,,,gemini_rbi,success,
Kotak Mahindra Bank Limited,Private Bank,https://www.kotak.com,391203.0,69567.0,True,KOTAKBANK,"[""Home Loan"", ""Personal Loan"", ""Vehicle Loan"", ""Business Loan"", ""MSME Loan"", ""Loan Against Property"", ""Working Capital"", ""Credit Card"", ""Gold Loan"", ""Education Loan"", ""Agriculture Loan"", ""Consumer Durable Loan"", ""Micro Loan""]",Comprehensive Banking Services,"[""Home Loan"", ""Personal Loan"", ""Vehicle Loan"", ""Business Loan"", ""MSME Loan"", ""Loan Against Property"", ""Working Capital"", ""Credit Card"", ""Gold Loan"", ""Education Loan"", ""Agriculture Loan"", ""Consumer Durable Loan"", ""Micro Loan""]","Mumbai, Maharashtra",Maharashtra,"[""Andhra Pradesh"", ""Arunachal Pradesh"", ""Assam"", ""Bihar"", ""Chhattisgarh"", ""Goa"", ""Gujarat"", ""Haryana"", ""Himachal Pradesh"", ""Jharkhand"", ""Karnataka"", ""Kerala"", ""Madhya Pradesh"", ""Maharashtra"", ""Manipur"", ""Meghalaya"", ""Mizoram"", ""Nagaland"", ""Odisha"", ""Punjab"", ""Rajasthan"", ""Sikkim"", ""Tamil Nadu"", ""Telangana"", ""Tripura"", ""Uttar Pradesh"", ""Uttarakhand"", ""West Bengal"", ""Delhi"", ""Jammu & Kashmir"", ""Ladakh"", ""Puducherry"", ""Chandigarh"", ""Dadra and Nagar Haveli"", ""Lakshadweep"", ""Andaman and Nicobar Islands""]",Pan India,True,,,,,,1985,99000,,,False,,,gemini_rbi,success,
Nainital Bank Limited,Private Bank,https://www.nainitalbank.co.in,7075.75,1006.19,False,,"[""MSME Loan"", ""Personal Loan"", ""Home Loan"", ""Business Loan"", ""Vehicle Loan"", ""Gold Loan"", ""Agriculture Loan"", ""Loan Against Property""]",Banking Services,"[""MSME Loan"", ""Personal Loan"", ""Home Loan"", ""Business Loan"", ""Vehicle Loan"", ""Gold Loan"", ""Agriculture Loan"", ""Loan Against Property""]","Nainital, Uttarakhand",Uttarakhand,"[""Andhra Pradesh"", ""Arunachal Pradesh"", ""Assam"", ""Bihar"", ""Chhattisgarh"", ""Goa"", ""Gujarat"", ""Haryana"", ""Himachal Pradesh"", ""Jharkhand"", ""Karnataka"", ""Kerala"", ""Madhya Pradesh"", ""Maharashtra"", ""Manipur"", ""Meghalaya"", ""Mizoram"", ""Nagaland"", ""Odisha"", ""Punjab"", ""Rajasthan"", ""Sikkim"", ""Tamil Nadu"", ""Telangana"", ""Tripura"", ""Uttar Pradesh"", ""Uttarakhand"", ""West Bengal"", ""Delhi"", ""Jammu & Kashmir"", ""Ladakh"", ""Puducherry"", ""Chandigarh"", ""Dadra and Nagar Haveli"", ""Lakshadweep"", ""Andaman and Nicobar Islands""]",Regional,True,,,,,,1922,1577,,,False,,,gemini_rbi,success,
RBL Bank Limited,Private Bank,https://www.rblbank.com/,83987.0,13995.0,True,RBLBANK,"[""MSME Loan"", ""Personal Loan"", ""Home Loan"", ""Business Loan"", ""Vehicle Loan"", ""Gold Loan"", ""Micro Loan"", ""Loan Against Property"", ""Working Capital"", ""Credit Card""]",Comprehensive Banking Services,"[""MSME Loan"", ""Personal Loan"", ""Home Loan"", ""Business Loan"", ""Vehicle Loan"", ""Gold Loan"", ""Micro Loan"", ""Loan Against Property"", ""Working Capital"", ""Credit Card""]","Mumbai, Maharashtra",Maharashtra,"[""Andhra Pradesh"", ""Arunachal Pradesh"", ""Assam"", ""Bihar"", ""Chhattisgarh"", ""Goa"", ""Gujarat"", ""Haryana"", ""Himachal Pradesh"", ""Jharkhand"", ""Karnataka"", ""Kerala"", ""Madhya Pradesh"", ""Maharashtra"", ""Manipur"", ""Meghalaya"", ""Mizoram"", ""Nagaland"", ""Odisha"", ""Punjab"", ""Rajasthan"", ""Sikkim"", ""Tamil Nadu"", ""Telangana"", ""Tripura"", ""Uttar Pradesh"", ""Uttarakhand"", ""West Bengal"", ""Delhi"", ""Jammu & Kashmir"", ""Ladakh"", ""Puducherry"", ""Chandigarh"", ""Dadra and Nagar Haveli"", ""Lakshadweep"", ""Andaman and Nicobar Islands""]",Pan India,True,,,,,,1943,13995,,,False,,,gemini_rbi,success,
South Indian Bank Limited,Private Bank,https://www.southindianbank.com/,77728.0,8111.4,True,SOUTHBANK,"[""MSME Loan"", ""Personal Loan"", ""Home Loan"", ""Business Loan"", ""Vehicle Loan"", ""Gold Loan"", ""Education Loan"", ""Loan Against Property"", ""Working Capital"", ""Agriculture Loan""]",Banking Services,"[""MSME Loan"", ""Personal Loan"", ""Home Loan"", ""Business Loan"", ""Vehicle Loan"", ""Gold Loan"", ""Education Loan"", ""Loan Against Property"", ""Working Capital"", ""Agriculture Loan""]","Thrissur, Kerala",Kerala,"[""Andhra Pradesh"", ""Arunachal Pradesh"", ""Assam"", ""Bihar"", ""Chhattisgarh"", ""Goa"", ""Gujarat"", ""Haryana"", ""Himachal Pradesh"", ""Jharkhand"", ""Karnataka"", ""Kerala"", ""Madhya Pradesh"", ""Maharashtra"", ""Manipur"", ""Meghalaya"", ""Mizoram"", ""Nagaland"", ""Odisha"", ""Punjab"", ""Rajasthan"", ""Sikkim"", ""Tamil Nadu"", ""Telangana"", ""Tripura"", ""Uttar Pradesh"", ""Uttarakhand"", ""West Bengal"", ""Delhi"", ""Jammu & Kashmir"", ""Ladakh"", ""Puducherry"", ""Chandigarh"", ""Dadra and Nagar Haveli"", ""Lakshadweep"", ""Andaman and Nicobar Islands""]",Pan India,True,,,,,,1929,9045,,,False,,,gemini_rbi,success,
Tamilnad Mercantile Bank Limited,Private Bank,,,,False,,[],,[],,,[],,False,,,,,,,,,,False,,,gemini_rbi,failed,All models failed
YES Bank Limited,Private Bank,https://www.yesbank.in,217347.0,26791.6,True,YESBANK,"[""MSME Loan"", ""Personal Loan"", ""Home Loan"", ""Business Loan"", ""Vehicle Loan"", ""Gold Loan"", ""Education Loan"", ""Loan Against Property"", ""Working Capital"", ""Agriculture Loan"", ""Credit Card"", ""Consumer Durable Loan""]",Comprehensive Banking Services,"[""MSME Loan"", ""Personal Loan"", ""Home Loan"", ""Business Loan"", ""Vehicle Loan"", ""Gold Loan"", ""Education Loan"", ""Loan Against Property"", ""Working Capital"", ""Agriculture Loan"", ""Credit Card"", ""Consumer Durable Loan""]","Mumbai, Maharashtra",Maharashtra,"[""Andhra Pradesh"", ""Arunachal Pradesh"", ""Assam"", ""Bihar"", ""Chhattisgarh"", ""Goa"", ""Gujarat"", ""Haryana"", ""Himachal Pradesh"", ""Jharkhand"", ""Karnataka"", ""Kerala"", ""Madhya Pradesh"", ""Maharashtra"", ""Manipur"", ""Meghalaya"", ""Mizoram"", ""Nagaland"", ""Odisha"", ""Punjab"", ""Rajasthan"", ""Sikkim"", ""Tamil Nadu"", ""Telangana"", ""Tripura"", ""Uttar Pradesh"", ""Uttarakhand"", ""West Bengal"", ""Delhi"", ""Jammu & Kashmir"", ""Ladakh"", ""Puducherry"", ""Chandigarh"", ""Dadra and Nagar Haveli"", ""Lakshadweep"", ""Andaman and Nicobar Islands""]",Pan India,True,,,,,,2004,27241,,,False,,,gemini_rbi,success,
IDBI Bank Limited,Private Bank,https://www.idbibank.in,169829.0,24976.84,True,IDBI,"[""MSME Loan"", ""Personal Loan"", ""Home Loan"", ""Business Loan"", ""Vehicle Loan"", ""Gold Loan"", ""Education Loan"", ""Loan Against Property"", ""Working Capital"", ""Agriculture Loan"", ""Credit Card"", ""Consumer Durable Loan""]",Banking Services,"[""MSME Loan"", ""Personal Loan"", ""Home Loan"", ""Business Loan"", ""Vehicle Loan"", ""Gold Loan"", ""Education Loan"", ""Loan Against Property"", ""Working Capital"", ""Agriculture Loan"", ""Credit Card"", ""Consumer Durable Loan""]","Mumbai, Maharashtra",Maharashtra,"[""Andhra Pradesh"", ""Arunachal Pradesh"", ""Assam"", ""Bihar"", ""Chhattisgarh"", ""Goa"", ""Gujarat"", ""Haryana"", ""Himachal Pradesh"", ""Jharkhand"", ""Karnataka"", ""Kerala"", ""Madhya Pradesh"", ""Maharashtra"", ""Manipur"", ""Meghalaya"", ""Mizoram"", ""Nagaland"", ""Odisha"", ""Punjab"", ""Rajasthan"", ""Sikkim"", ""Tamil Nadu"", ""Telangana"", ""Tripura"", ""Uttar Pradesh"", ""Uttarakhand"", ""West Bengal"", ""Delhi"", ""Jammu & Kashmir"", ""Ladakh"", ""Puducherry"", ""Chandigarh"", ""Dadra and Nagar Haveli"", ""Lakshadweep"", ""Andaman and Nicobar Islands""]",Pan India,True,,,,,,1964,17992,,,False,,,gemini_rbi,success,
AB Bank PLC,Foreign Bank,,,,False,,[],,[],,,"[""Andhra Pradesh"", ""Arunachal Pradesh"", ""Assam"", ""Bihar"", ""Chhattisgarh"", ""Goa"", ""Gujarat"", ""Haryana"", ""Himachal Pradesh"", ""Jharkhand"", ""Karnataka"", ""Kerala"", ""Madhya Pradesh"", ""Maharashtra"", ""Manipur"", ""Meghalaya"", ""Mizoram"", ""Nagaland"", ""Odisha"", ""Punjab"", ""Rajasthan"", ""Sikkim"", ""Tamil Nadu"", ""Telangana"", ""Tripura"", ""Uttar Pradesh"", ""Uttarakhand"", ""West Bengal"", ""Delhi"", ""Jammu & Kashmir"", ""Ladakh"", ""Puducherry"", ""Chandigarh"", ""Dadra and Nagar Haveli"", ""Lakshadweep"", ""Andaman and Nicobar Islands""]",Pan India,True,,,,,,,,,,False,,,gemini_rbi,success,
American Express Banking Corporation,Foreign Bank,https://www.americanexpress.com/in/,1496.0,1069.0,False,,"[""Credit Card""]",Credit Cards and Payment Solutions,"[""Credit Card""]","Gurugram, Haryana",Haryana,"[""Andhra Pradesh"", ""Arunachal Pradesh"", ""Assam"", ""Bihar"", ""Chhattisgarh"", ""Goa"", ""Gujarat"", ""Haryana"", ""Himachal Pradesh"", ""Jharkhand"", ""Karnataka"", ""Kerala"", ""Madhya Pradesh"", ""Maharashtra"", ""Manipur"", ""Meghalaya"", ""Mizoram"", ""Nagaland"", ""Odisha"", ""Punjab"", ""Rajasthan"", ""Sikkim"", ""Tamil Nadu"", ""Telangana"", ""Tripura"", ""Uttar Pradesh"", ""Uttarakhand"", ""West Bengal"", ""Delhi"", ""Jammu & Kashmir"", ""Ladakh"", ""Puducherry"", ""Chandigarh"", ""Dadra and Nagar Haveli"", ""Lakshadweep"", ""Andaman and Nicobar Islands""]",Pan India,True,,,,,,1921,,,,False,,,gemini_rbi,success,
Australia and New Zealand banking group ltd,Foreign Bank,https://www.anz.com/institutional/in/,,,False,,"[""Business Loan"", ""Working Capital""]",Corporate Banking & Trade Finance,"[""Business Loan"", ""Working Capital""]","Mumbai, Maharashtra",Maharashtra,"[""Andhra Pradesh"", ""Arunachal Pradesh"", ""Assam"", ""Bihar"", ""Chhattisgarh"", ""Goa"", ""Gujarat"", ""Haryana"", ""Himachal Pradesh"", ""Jharkhand"", ""Karnataka"", ""Kerala"", ""Madhya Pradesh"", ""Maharashtra"", ""Manipur"", ""Meghalaya"", ""Mizoram"", ""Nagaland"", ""Odisha"", ""Punjab"", ""Rajasthan"", ""Sikkim"", ""Tamil Nadu"", ""Telangana"", ""Tripura"", ""Uttar Pradesh"", ""Uttarakhand"", ""West Bengal"", ""Delhi"", ""Jammu & Kashmir"", ""Ladakh"", ""Puducherry"", ""Chandigarh"", ""Dadra and Nagar Haveli"", ""Lakshadweep"", ""Andaman and Nicobar Islands""]",Single State,True,,,,,,2011,,,,False,,,gemini_rbi,success,
Bank of America,Foreign Bank,https://www.bankofamerica.com/india/,,,False,,"[""Business Loan"", ""Working Capital""]","Corporate Banking, Investment Banking, Global Markets","[""Business Loan"", ""Working Capital""]","Mumbai, Maharashtra",Maharashtra,"[""Andhra Pradesh"", ""Arunachal Pradesh"", ""Assam"", ""Bihar"", ""Chhattisgarh"", ""Goa"", ""Gujarat"", ""Haryana"", ""Himachal Pradesh"", ""Jharkhand"", ""Karnataka"", ""Kerala"", ""Madhya Pradesh"", ""Maharashtra"", ""Manipur"", ""Meghalaya"", ""Mizoram"", ""Nagaland"", ""Odisha"", ""Punjab"", ""Rajasthan"", ""Sikkim"", ""Tamil Nadu"", ""Telangana"", ""Tripura"", ""Uttar Pradesh"", ""Uttarakhand"", ""West Bengal"", ""Delhi"", ""Jammu & Kashmir"", ""Ladakh"", ""Puducherry"", ""Chandigarh"", ""Dadra and Nagar Haveli"", ""Lakshadweep"", ""Andaman and Nicobar Islands""]",Pan India,True,,,,,,1964,35000,,,False,,,gemini_rbi,success,
Bank of Bahrain and Kuwait B.S.C,Foreign Bank,https://www.bbkonline.com/india/,2500.0,450.62,False,,"[""MSME Loan"", ""Business Loan"", ""Working Capital""]",Business Loan,"[""MSME Loan"", ""Business Loan"", ""Working Capital""]","Mumbai, Maharashtra",Maharashtra,"[""Andhra Pradesh"", ""Arunachal Pradesh"", ""Assam"", ""Bihar"", ""Chhattisgarh"", ""Goa"", ""Gujarat"", ""Haryana"", ""Himachal Pradesh"", ""Jharkhand"", ""Karnataka"", ""Kerala"", ""Madhya Pradesh"", ""Maharashtra"", ""Manipur"", ""Meghalaya"", ""Mizoram"", ""Nagaland"", ""Odisha"", ""Punjab"", ""Rajasthan"", ""Sikkim"", ""Tamil Nadu"", ""Telangana"", ""Tripura"", ""Uttar Pradesh"", ""Uttarakhand"", ""West Bengal"", ""Delhi"", ""Jammu & Kashmir"", ""Ladakh"", ""Puducherry"", ""Chandigarh"", ""Dadra and Nagar Haveli"", ""Lakshadweep"", ""Andaman and Nicobar Islands""]",Regional,True,,,,,,1986,,,,False,,,gemini_rbi,success,
"Bank of Ceylon No. 20/21, Casa Major",Foreign Bank,,,,False,,[],,[],,,[],,False,,,,,,,,,,False,,,gemini_rbi,failed,All models failed
"Bank of Nova Scotia 93-94, 3 North Avenue, Maker Maxity, Bandra Kurla",Foreign Bank,,,,False,,[],,[],,,[],,False,,,,,,,,,,False,,,gemini_rbi,failed,All models failed
Bank of China Limited,Foreign Bank,https://www.bankofchina.com/in/,,,False,,"[""Business Loan"", ""Working Capital""]",Corporate Banking,"[""Business Loan"", ""Working Capital""]","Mumbai, Maharashtra",Maharashtra,"[""Andhra Pradesh"", ""Arunachal Pradesh"", ""Assam"", ""Bihar"", ""Chhattisgarh"", ""Goa"", ""Gujarat"", ""Haryana"", ""Himachal Pradesh"", ""Jharkhand"", ""Karnataka"", ""Kerala"", ""Madhya Pradesh"", ""Maharashtra"", ""Manipur"", ""Meghalaya"", ""Mizoram"", ""Nagaland"", ""Odisha"", ""Punjab"", ""Rajasthan"", ""Sikkim"", ""Tamil Nadu"", ""Telangana"", ""Tripura"", ""Uttar Pradesh"", ""Uttarakhand"", ""West Bengal"", ""Delhi"", ""Jammu & Kashmir"", ""Ladakh"", ""Puducherry"", ""Chandigarh"", ""Dadra and Nagar Haveli"", ""Lakshadweep"", ""Andaman and Nicobar Islands""]",Single State,True,,,,,,2011,,,,False,,,gemini_rbi,success,
Barclays Bank Plc,Foreign Bank,https://www.barclays.in,30800.0,4190.0,False,,"[""Business Loan"", ""Working Capital""]",Wholesale Banking,"[""Business Loan"", ""Working Capital""]","Mumbai, Maharashtra",Maharashtra,"[""Andhra Pradesh"", ""Arunachal Pradesh"", ""Assam"", ""Bihar"", ""Chhattisgarh"", ""Goa"", ""Gujarat"", ""Haryana"", ""Himachal Pradesh"", ""Jharkhand"", ""Karnataka"", ""Kerala"", ""Madhya Pradesh"", ""Maharashtra"", ""Manipur"", ""Meghalaya"", ""Mizoram"", ""Nagaland"", ""Odisha"", ""Punjab"", ""Rajasthan"", ""Sikkim"", ""Tamil Nadu"", ""Telangana"", ""Tripura"", ""Uttar Pradesh"", ""Uttarakhand"", ""West Bengal"", ""Delhi"", ""Jammu & Kashmir"", ""Ladakh"", ""Puducherry"", ""Chandigarh"", ""Dadra and Nagar Haveli"", ""Lakshadweep"", ""Andaman and Nicobar Islands""]",Regional,True,,,,,,1990,2000,,,False,,,gemini_rbi,success,
BNP Paribas,Foreign Bank,https://www.bnpparibas.co.in/,22500.0,3500.0,False,,"[""Business Loan"", ""Working Capital""]",Corporate & Institutional Banking,"[""Business Loan"", ""Working Capital""]","Mumbai, Maharashtra",Maharashtra,"[""Andhra Pradesh"", ""Arunachal Pradesh"", ""Assam"", ""Bihar"", ""Chhattisgarh"", ""Goa"", ""Gujarat"", ""Haryana"", ""Himachal Pradesh"", ""Jharkhand"", ""Karnataka"", ""Kerala"", ""Madhya Pradesh"", ""Maharashtra"", ""Manipur"", ""Meghalaya"", ""Mizoram"", ""Nagaland"", ""Odisha"", ""Punjab"", ""Rajasthan"", ""Sikkim"", ""Tamil Nadu"", ""Telangana"", ""Tripura"", ""Uttar Pradesh"", ""Uttarakhand"", ""West Bengal"", ""Delhi"", ""Jammu & Kashmir"", ""Ladakh"", ""Puducherry"", ""Chandigarh"", ""Dadra and Nagar Haveli"", ""Lakshadweep"", ""Andaman and Nicobar Islands""]",Regional,True,,,,,,1860,1200,,,False,,,gemini_rbi,success,
Citibank N.A,Foreign Bank,,,,False,,[],,[],,,[],,False,,,,,,,,,,False,,,gemini_rbi,failed,All models failed
Cooperatieve Rabobank U.A,Foreign Bank,https://www.rabobank.com/en/global-branches/india/index.html,,,False,,"[""Business Loan"", ""Working Capital"", ""Agriculture Loan""]",Corporate Banking,"[""Business Loan"", ""Working Capital"", ""Agriculture Loan""]","Mumbai, Maharashtra",Maharashtra,"[""Andhra Pradesh"", ""Arunachal Pradesh"", ""Assam"", ""Bihar"", ""Chhattisgarh"", ""Goa"", ""Gujarat"", ""Haryana"", ""Himachal Pradesh"", ""Jharkhand"", ""Karnataka"", ""Kerala"", ""Madhya Pradesh"", ""Maharashtra"", ""Manipur"", ""Meghalaya"", ""Mizoram"", ""Nagaland"", ""Odisha"", ""Punjab"", ""Rajasthan"", ""Sikkim"", ""Tamil Nadu"", ""Telangana"", ""Tripura"", ""Uttar Pradesh"", ""Uttarakhand"", ""West Bengal"", ""Delhi"", ""Jammu & Kashmir"", ""Ladakh"", ""Puducherry"", ""Chandigarh"", ""Dadra and Nagar Haveli"", ""Lakshadweep"", ""Andaman and Nicobar Islands""]",Single State,True,,,,,,1998,,,,False,,,gemini_rbi,success,
Credit Agricole Corporate and Investment Bank,Foreign Bank,https://www.ca-cib.com/where-we-are/asia-pacific/india,,,False,,"[""Business Loan"", ""Working Capital""]",Corporate and Investment Banking Services,"[""Business Loan"", ""Working Capital""]","Mumbai, Maharashtra",Maharashtra,"[""Andhra Pradesh"", ""Arunachal Pradesh"", ""Assam"", ""Bihar"", ""Chhattisgarh"", ""Goa"", ""Gujarat"", ""Haryana"", ""Himachal Pradesh"", ""Jharkhand"", ""Karnataka"", ""Kerala"", ""Madhya Pradesh"", ""Maharashtra"", ""Manipur"", ""Meghalaya"", ""Mizoram"", ""Nagaland"", ""Odisha"", ""Punjab"", ""Rajasthan"", ""Sikkim"", ""Tamil Nadu"", ""Telangana"", ""Tripura"", ""Uttar Pradesh"", ""Uttarakhand"", ""West Bengal"", ""Delhi"", ""Jammu & Kashmir"", ""Ladakh"", ""Puducherry"", ""Chandigarh"", ""Dadra and Nagar Haveli"", ""Lakshadweep"", ""Andaman and Nicobar Islands""]",Regional,True,,,,,,1981,,,,False,,,gemini_rbi,success,
"CTBC Bank Co., Limited",Foreign Bank,https://www.ctbcbank.com/,,,False,,"[""Business Loan"", ""Working Capital""]",Corporate Banking,"[""Business Loan"", ""Working Capital""]","Mumbai, Maharashtra",Maharashtra,"[""Andhra Pradesh"", ""Arunachal Pradesh"", ""Assam"", ""Bihar"", ""Chhattisgarh"", ""Goa"", ""Gujarat"", ""Haryana"", ""Himachal Pradesh"", ""Jharkhand"", ""Karnataka"", ""Kerala"", ""Madhya Pradesh"", ""Maharashtra"", ""Manipur"", ""Meghalaya"", ""Mizoram"", ""Nagaland"", ""Odisha"", ""Punjab"", ""Rajasthan"", ""Sikkim"", ""Tamil Nadu"", ""Telangana"", ""Tripura"", ""Uttar Pradesh"", ""Uttarakhand"", ""West Bengal"", ""Delhi"", ""Jammu & Kashmir"", ""Ladakh"", ""Puducherry"", ""Chandigarh"", ""Dadra and Nagar Haveli"", ""Lakshadweep"", ""Andaman and Nicobar Islands""]",Single State,True,,,,,,2012,,,,False,,,gemini_rbi,success,
DBS Bank India Limited,Foreign Bank,https://www.dbs.com/india/default.page,88000.0,11100.0,False,,"[""Home Loan"", ""Personal Loan"", ""Loan Against Property"", ""Gold Loan"", ""Credit Card"", ""Vehicle Loan"", ""Working Capital"", ""Business Loan""]",Comprehensive Banking Services,"[""Home Loan"", ""Personal Loan"", ""Loan Against Property"", ""Gold Loan"", ""Credit Card"", ""Vehicle Loan"", ""Working Capital"", ""Business Loan""]","Mumbai, Maharashtra",Maharashtra,"[""Andhra Pradesh"", ""Arunachal Pradesh"", ""Assam"", ""Bihar"", ""Chhattisgarh"", ""Goa"", ""Gujarat"", ""Haryana"", ""Himachal Pradesh"", ""Jharkhand"", ""Karnataka"", ""Kerala"", ""Madhya Pradesh"", ""Maharashtra"", ""Manipur"", ""Meghalaya"", ""Mizoram"", ""Nagaland"", ""Odisha"", ""Punjab"", ""Rajasthan"", ""Sikkim"", ""Tamil Nadu"", ""Telangana"", ""Tripura"", ""Uttar Pradesh"", ""Uttarakhand"", ""West Bengal"", ""Delhi"", ""Jammu & Kashmir"", ""Ladakh"", ""Puducherry"", ""Chandigarh"", ""Dadra and Nagar Haveli"", ""Lakshadweep"", ""Andaman and Nicobar Islands""]",Pan India,True,,,,,,2019,15000,,,False,,,gemini_rbi,success,
Deutsche Bank A.G,Foreign Bank,https://www.db.com/india/,60000.0,10700.0,False,,"[""Business Loan"", ""Working Capital""]",Corporate Banking,"[""Business Loan"", ""Working Capital""]","Mumbai, Maharashtra",Maharashtra,"[""Andhra Pradesh"", ""Arunachal Pradesh"", ""Assam"", ""Bihar"", ""Chhattisgarh"", ""Goa"", ""Gujarat"", ""Haryana"", ""Himachal Pradesh"", ""Jharkhand"", ""Karnataka"", ""Kerala"", ""Madhya Pradesh"", ""Maharashtra"", ""Manipur"", ""Meghalaya"", ""Mizoram"", ""Nagaland"", ""Odisha"", ""Punjab"", ""Rajasthan"", ""Sikkim"", ""Tamil Nadu"", ""Telangana"", ""Tripura"", ""Uttar Pradesh"", ""Uttarakhand"", ""West Bengal"", ""Delhi"", ""Jammu & Kashmir"", ""Ladakh"", ""Puducherry"", ""Chandigarh"", ""Dadra and Nagar Haveli"", ""Lakshadweep"", ""Andaman and Nicobar Islands""]",Regional,True,,,,,,1980,18000,,,False,,,gemini_rbi,success,
Doha Bank Q.P.S.C,Foreign Bank,https://www.dohabank.com.qa/,,,False,,"[""Business Loan"", ""Working Capital""]",Corporate Banking and Trade Finance,"[""Business Loan"", ""Working Capital""]","Mumbai, Maharashtra",Maharashtra,"[""Andhra Pradesh"", ""Arunachal Pradesh"", ""Assam"", ""Bihar"", ""Chhattisgarh"", ""Goa"", ""Gujarat"", ""Haryana"", ""Himachal Pradesh"", ""Jharkhand"", ""Karnataka"", ""Kerala"", ""Madhya Pradesh"", ""Maharashtra"", ""Manipur"", ""Meghalaya"", ""Mizoram"", ""Nagaland"", ""Odisha"", ""Punjab"", ""Rajasthan"", ""Sikkim"", ""Tamil Nadu"", ""Telangana"", ""Tripura"", ""Uttar Pradesh"", ""Uttarakhand"", ""West Bengal"", ""Delhi"", ""Jammu & Kashmir"", ""Ladakh"", ""Puducherry"", ""Chandigarh"", ""Dadra and Nagar Haveli"", ""Lakshadweep"", ""Andaman and Nicobar Islands""]",Single State,True,,,,,,2014,,,,False,,,gemini_rbi,success,
Emirates NBD Bank P.J.S.C,Foreign Bank,https://www.emiratesnbd.com/en/india,,,False,,"[""Business Loan"", ""Working Capital""]",Corporate Banking & Trade Finance,"[""Business Loan"", ""Working Capital""]","Mumbai, Maharashtra",Maharashtra,"[""Andhra Pradesh"", ""Arunachal Pradesh"", ""Assam"", ""Bihar"", ""Chhattisgarh"", ""Goa"", ""Gujarat"", ""Haryana"", ""Himachal Pradesh"", ""Jharkhand"", ""Karnataka"", ""Kerala"", ""Madhya Pradesh"", ""Maharashtra"", ""Manipur"", ""Meghalaya"", ""Mizoram"", ""Nagaland"", ""Odisha"", ""Punjab"", ""Rajasthan"", ""Sikkim"", ""Tamil Nadu"", ""Telangana"", ""Tripura"", ""Uttar Pradesh"", ""Uttarakhand"", ""West Bengal"", ""Delhi"", ""Jammu & Kashmir"", ""Ladakh"", ""Puducherry"", ""Chandigarh"", ""Dadra and Nagar Haveli"", ""Lakshadweep"", ""Andaman and Nicobar Islands""]",Single State,True,,,,,,2017,,,,False,,,gemini_rbi,success,
First Abu Dhabi Bank PJSC Unit,Foreign Bank,https://www.bankfab.com/en-in/,3249.43,418.99,False,,"[""Business Loan"", ""Working Capital"", ""MSME Loan""]",Corporate Banking,"[""Business Loan"", ""Working Capital"", ""MSME Loan""]","Mumbai, Maharashtra",Maharashtra,"[""Andhra Pradesh"", ""Arunachal Pradesh"", ""Assam"", ""Bihar"", ""Chhattisgarh"", ""Goa"", ""Gujarat"", ""Haryana"", ""Himachal Pradesh"", ""Jharkhand"", ""Karnataka"", ""Kerala"", ""Madhya Pradesh"", ""Maharashtra"", ""Manipur"", ""Meghalaya"", ""Mizoram"", ""Nagaland"", ""Odisha"", ""Punjab"", ""Rajasthan"", ""Sikkim"", ""Tamil Nadu"", ""Telangana"", ""Tripura"", ""Uttar Pradesh"", ""Uttarakhand"", ""West Bengal"", ""Delhi"", ""Jammu & Kashmir"", ""Ladakh"", ""Puducherry"", ""Chandigarh"", ""Dadra and Nagar Haveli"", ""Lakshadweep"", ""Andaman and Nicobar Islands""]",Regional,True,,,,,,2015,150,,,False,,,gemini_rbi,success,
FirstRand Bank Limited,Foreign Bank,https://www.firstrandbank.co.in/,3000.0,400.0,False,,"[""Business Loan"", ""Working Capital""]",Corporate and Investment Banking,"[""Business Loan"", ""Working Capital""]","Mumbai, Maharashtra",Maharashtra,"[""Andhra Pradesh"", ""Arunachal Pradesh"", ""Assam"", ""Bihar"", ""Chhattisgarh"", ""Goa"", ""Gujarat"", ""Haryana"", ""Himachal Pradesh"", ""Jharkhand"", ""Karnataka"", ""Kerala"", ""Madhya Pradesh"", ""Maharashtra"", ""Manipur"", ""Meghalaya"", ""Mizoram"", ""Nagaland"", ""Odisha"", ""Punjab"", ""Rajasthan"", ""Sikkim"", ""Tamil Nadu"", ""Telangana"", ""Tripura"", ""Uttar Pradesh"", ""Uttarakhand"", ""West Bengal"", ""Delhi"", ""Jammu & Kashmir"", ""Ladakh"", ""Puducherry"", ""Chandigarh"", ""Dadra and Nagar Haveli"", ""Lakshadweep"", ""Andaman and Nicobar Islands""]",Single State,True,,,,,,2009,,,,False,,,gemini_rbi,success,
Hong Kong and Shanghai Banking Corporation Limited,Foreign Bank,,,,False,,[],,[],,,[],,False,,,,,,,,,,False,,,gemini_rbi,failed,All models failed
Industrial and Commercial Bank of China Limited,Foreign Bank,https://www.icbc.com.cn/icbc/global/india/,,,False,,"[""Business Loan"", ""Working Capital""]",Corporate Banking,"[""Business Loan"", ""Working Capital""]","Mumbai, Maharashtra",Maharashtra,"[""Andhra Pradesh"", ""Arunachal Pradesh"", ""Assam"", ""Bihar"", ""Chhattisgarh"", ""Goa"", ""Gujarat"", ""Haryana"", ""Himachal Pradesh"", ""Jharkhand"", ""Karnataka"", ""Kerala"", ""Madhya Pradesh"", ""Maharashtra"", ""Manipur"", ""Meghalaya"", ""Mizoram"", ""Nagaland"", ""Odisha"", ""Punjab"", ""Rajasthan"", ""Sikkim"", ""Tamil Nadu"", ""Telangana"", ""Tripura"", ""Uttar Pradesh"", ""Uttarakhand"", ""West Bengal"", ""Delhi"", ""Jammu & Kashmir"", ""Ladakh"", ""Puducherry"", ""Chandigarh"", ""Dadra and Nagar Haveli"", ""Lakshadweep"", ""Andaman and Nicobar Islands""]",Regional,True,,,,,,2011,,,,False,,,gemini_rbi,success,
Industrial Bank of Korea,Foreign Bank,https://www.ibk.co.kr/en/,,,False,,"[""Business Loan"", ""Working Capital"", ""MSME Loan""]",Corporate Banking and Trade Finance,"[""Business Loan"", ""Working Capital"", ""MSME Loan""]","Mumbai, Maharashtra",Maharashtra,"[""Andhra Pradesh"", ""Arunachal Pradesh"", ""Assam"", ""Bihar"", ""Chhattisgarh"", ""Goa"", ""Gujarat"", ""Haryana"", ""Himachal Pradesh"", ""Jharkhand"", ""Karnataka"", ""Kerala"", ""Madhya Pradesh"", ""Maharashtra"", ""Manipur"", ""Meghalaya"", ""Mizoram"", ""Nagaland"", ""Odisha"", ""Punjab"", ""Rajasthan"", ""Sikkim"", ""Tamil Nadu"", ""Telangana"", ""Tripura"", ""Uttar Pradesh"", ""Uttarakhand"", ""West Bengal"", ""Delhi"", ""Jammu & Kashmir"", ""Ladakh"", ""Puducherry"", ""Chandigarh"", ""Dadra and Nagar Haveli"", ""Lakshadweep"", ""Andaman and Nicobar Islands""]",Single State,True,,,,,,2012,,,,False,,,gemini_rbi,success,
J.P. Morgan Chase Bank N.A,Foreign Bank,,,,False,,[],,[],,,[],,False,,,,,,,,,,False,,,gemini_rbi,failed,All models failed
JSC VTB Bank Lobby,Foreign Bank,https://www.vtb.com,,,False,,[],,[],"New Delhi, Delhi",Delhi,"[""Andhra Pradesh"", ""Arunachal Pradesh"", ""Assam"", ""Bihar"", ""Chhattisgarh"", ""Goa"", ""Gujarat"", ""Haryana"", ""Himachal Pradesh"", ""Jharkhand"", ""Karnataka"", ""Kerala"", ""Madhya Pradesh"", ""Maharashtra"", ""Manipur"", ""Meghalaya"", ""Mizoram"", ""Nagaland"", ""Odisha"", ""Punjab"", ""Rajasthan"", ""Sikkim"", ""Tamil Nadu"", ""Telangana"", ""Tripura"", ""Uttar Pradesh"", ""Uttarakhand"", ""West Bengal"", ""Delhi"", ""Jammu & Kashmir"", ""Ladakh"", ""Puducherry"", ""Chandigarh"", ""Dadra and Nagar Haveli"", ""Lakshadweep"", ""Andaman and Nicobar Islands""]",Single State,True,,,,,,2012,,,,False,,,gemini_rbi,success,
KEB Hana Bank,Foreign Bank,https://www.hanabank.co.in/,,,False,,"[""Business Loan"", ""Working Capital""]",Corporate Banking Services,"[""Business Loan"", ""Working Capital""]","Chennai, Tamil Nadu",Tamil Nadu,"[""Andhra Pradesh"", ""Arunachal Pradesh"", ""Assam"", ""Bihar"", ""Chhattisgarh"", ""Goa"", ""Gujarat"", ""Haryana"", ""Himachal Pradesh"", ""Jharkhand"", ""Karnataka"", ""Kerala"", ""Madhya Pradesh"", ""Maharashtra"", ""Manipur"", ""Meghalaya"", ""Mizoram"", ""Nagaland"", ""Odisha"", ""Punjab"", ""Rajasthan"", ""Sikkim"", ""Tamil Nadu"", ""Telangana"", ""Tripura"", ""Uttar Pradesh"", ""Uttarakhand"", ""West Bengal"", ""Delhi"", ""Jammu & Kashmir"", ""Ladakh"", ""Puducherry"", ""Chandigarh"", ""Dadra and Nagar Haveli"", ""Lakshadweep"", ""Andaman and Nicobar Islands""]",Regional,True,,,,,,2015,,,,False,,,gemini_rbi,success,
Kookmin Bank Unit No. 2B/2,Foreign Bank,https://www.kbstar.com/global/main.do,,,False,,"[""Business Loan"", ""Working Capital""]",Corporate Banking,"[""Business Loan"", ""Working Capital""]","Mumbai, Maharashtra",Maharashtra,"[""Andhra Pradesh"", ""Arunachal Pradesh"", ""Assam"", ""Bihar"", ""Chhattisgarh"", ""Goa"", ""Gujarat"", ""Haryana"", ""Himachal Pradesh"", ""Jharkhand"", ""Karnataka"", ""Kerala"", ""Madhya Pradesh"", ""Maharashtra"", ""Manipur"", ""Meghalaya"", ""Mizoram"", ""Nagaland"", ""Odisha"", ""Punjab"", ""Rajasthan"", ""Sikkim"", ""Tamil Nadu"", ""Telangana"", ""Tripura"", ""Uttar Pradesh"", ""Uttarakhand"", ""West Bengal"", ""Delhi"", ""Jammu & Kashmir"", ""Ladakh"", ""Puducherry"", ""Chandigarh"", ""Dadra and Nagar Haveli"", ""Lakshadweep"", ""Andaman and Nicobar Islands""]",Single State,True,,,,,,2013,,,,False,,,gemini_rbi,success,
Mashreqbank P.S.C,Foreign Bank,,,,False,,[],,[],,,[],,False,,,,,,,,,,False,,,gemini_rbi,failed,All models failed
Mizuho Bank Ltd,Foreign Bank,https://www.mizuhobank.com/india/,,,False,,"[""Business Loan"", ""Working Capital""]",Corporate Banking,"[""Business Loan"", ""Working Capital""]","Mumbai, Maharashtra",Maharashtra,"[""Andhra Pradesh"", ""Arunachal Pradesh"", ""Assam"", ""Bihar"", ""Chhattisgarh"", ""Goa"", ""Gujarat"", ""Haryana"", ""Himachal Pradesh"", ""Jharkhand"", ""Karnataka"", ""Kerala"", ""Madhya Pradesh"", ""Maharashtra"", ""Manipur"", ""Meghalaya"", ""Mizoram"", ""Nagaland"", ""Odisha"", ""Punjab"", ""Rajasthan"", ""Sikkim"", ""Tamil Nadu"", ""Telangana"", ""Tripura"", ""Uttar Pradesh"", ""Uttarakhand"", ""West Bengal"", ""Delhi"", ""Jammu & Kashmir"", ""Ladakh"", ""Puducherry"", ""Chandigarh"", ""Dadra and Nagar Haveli"", ""Lakshadweep"", ""Andaman and Nicobar Islands""]",Regional,True,,,,,,2013,,,,False,,,gemini_rbi,success,
"MUFG Bank, Ltd",Foreign Bank,https://www.mufg.jp/english/global_network/asia/india/index.html,,,False,,"[""Business Loan"", ""Working Capital""]",Business Loan,"[""Business Loan"", ""Working Capital""]","Mumbai, Maharashtra",Maharashtra,"[""Andhra Pradesh"", ""Arunachal Pradesh"", ""Assam"", ""Bihar"", ""Chhattisgarh"", ""Goa"", ""Gujarat"", ""Haryana"", ""Himachal Pradesh"", ""Jharkhand"", ""Karnataka"", ""Kerala"", ""Madhya Pradesh"", ""Maharashtra"", ""Manipur"", ""Meghalaya"", ""Mizoram"", ""Nagaland"", ""Odisha"", ""Punjab"", ""Rajasthan"", ""Sikkim"", ""Tamil Nadu"", ""Telangana"", ""Tripura"", ""Uttar Pradesh"", ""Uttarakhand"", ""West Bengal"", ""Delhi"", ""Jammu & Kashmir"", ""Ladakh"", ""Puducherry"", ""Chandigarh"", ""Dadra and Nagar Haveli"", ""Lakshadweep"", ""Andaman and Nicobar Islands""]",Regional,True,,,,,,1953,,,,False,,,gemini_rbi,success,
NatWest Markets plc,Foreign Bank,,,,False,,[],,[],,,[],,False,,,,,,,,,,False,,,gemini_rbi,failed,All models failed
"NongHyup Bank Advant IT Park, Unit No",Foreign Bank,,,,False,,[],,[],,,[],,False,,,,,,,,,,False,,,gemini_rbi,failed,All models failed
PT Bank Maybank Indonesia TBK,Foreign Bank,https://www.maybank.co.id/,,,False,,[],,[],,,"[""Andhra Pradesh"", ""Arunachal Pradesh"", ""Assam"", ""Bihar"", ""Chhattisgarh"", ""Goa"", ""Gujarat"", ""Haryana"", ""Himachal Pradesh"", ""Jharkhand"", ""Karnataka"", ""Kerala"", ""Madhya Pradesh"", ""Maharashtra"", ""Manipur"", ""Meghalaya"", ""Mizoram"", ""Nagaland"", ""Odisha"", ""Punjab"", ""Rajasthan"", ""Sikkim"", ""Tamil Nadu"", ""Telangana"", ""Tripura"", ""Uttar Pradesh"", ""Uttarakhand"", ""West Bengal"", ""Delhi"", ""Jammu & Kashmir"", ""Ladakh"", ""Puducherry"", ""Chandigarh"", ""Dadra and Nagar Haveli"", ""Lakshadweep"", ""Andaman and Nicobar Islands""]",Pan India,True,,,,,,,,,,False,,,gemini_rbi,success,
Qatar National Bank (Q.P.S.C),Foreign Bank,https://www.qnb.com/,,,False,,[],Facilitation of corporate banking and trade finance for clients dealing with Qatar/MENA region,[],"Mumbai, Maharashtra",Maharashtra,"[""Andhra Pradesh"", ""Arunachal Pradesh"", ""Assam"", ""Bihar"", ""Chhattisgarh"", ""Goa"", ""Gujarat"", ""Haryana"", ""Himachal Pradesh"", ""Jharkhand"", ""Karnataka"", ""Kerala"", ""Madhya Pradesh"", ""Maharashtra"", ""Manipur"", ""Meghalaya"", ""Mizoram"", ""Nagaland"", ""Odisha"", ""Punjab"", ""Rajasthan"", ""Sikkim"", ""Tamil Nadu"", ""Telangana"", ""Tripura"", ""Uttar Pradesh"", ""Uttarakhand"", ""West Bengal"", ""Delhi"", ""Jammu & Kashmir"", ""Ladakh"", ""Puducherry"", ""Chandigarh"", ""Dadra and Nagar Haveli"", ""Lakshadweep"", ""Andaman and Nicobar Islands""]",Single State,True,,,,,,2012,,,,False,,,gemini_rbi,success,
SBM Bank (India) limited,Foreign Bank,https://www.sbm.co.in,7504.62,1489.17,False,,"[""MSME Loan"", ""Personal Loan"", ""Home Loan"", ""Business Loan"", ""Vehicle Loan"", ""Gold Loan"", ""Education Loan"", ""Loan Against Property"", ""Working Capital"", ""Credit Card""]",Retail and Corporate Banking,"[""MSME Loan"", ""Personal Loan"", ""Home Loan"", ""Business Loan"", ""Vehicle Loan"", ""Gold Loan"", ""Education Loan"", ""Loan Against Property"", ""Working Capital"", ""Credit Card""]","Mumbai, Maharashtra",Maharashtra,"[""Andhra Pradesh"", ""Arunachal Pradesh"", ""Assam"", ""Bihar"", ""Chhattisgarh"", ""Goa"", ""Gujarat"", ""Haryana"", ""Himachal Pradesh"", ""Jharkhand"", ""Karnataka"", ""Kerala"", ""Madhya Pradesh"", ""Maharashtra"", ""Manipur"", ""Meghalaya"", ""Mizoram"", ""Nagaland"", ""Odisha"", ""Punjab"", ""Rajasthan"", ""Sikkim"", ""Tamil Nadu"", ""Telangana"", ""Tripura"", ""Uttar Pradesh"", ""Uttarakhand"", ""West Bengal"", ""Delhi"", ""Jammu & Kashmir"", ""Ladakh"", ""Puducherry"", ""Chandigarh"", ""Dadra and Nagar Haveli"", ""Lakshadweep"", ""Andaman and Nicobar Islands""]",Pan India,True,,,,,,2018,1023,,,False,,,gemini_rbi,success,
Sberbank,Foreign Bank,,,,False,,[],,[],,,[],,False,,,,,,,,,,False,,,gemini_rbi,failed,All models failed
Shinhan Bank Unit No. 701 /,Foreign Bank,https://www.shinhan.com/en/global/india/index.jsp,,,False,,"[""Business Loan"", ""Working Capital""]",Corporate Banking,"[""Business Loan"", ""Working Capital""]","Mumbai, Maharashtra",Maharashtra,"[""Andhra Pradesh"", ""Arunachal Pradesh"", ""Assam"", ""Bihar"", ""Chhattisgarh"", ""Goa"", ""Gujarat"", ""Haryana"", ""Himachal Pradesh"", ""Jharkhand"", ""Karnataka"", ""Kerala"", ""Madhya Pradesh"", ""Maharashtra"", ""Manipur"", ""Meghalaya"", ""Mizoram"", ""Nagaland"", ""Odisha"", ""Punjab"", ""Rajasthan"", ""Sikkim"", ""Tamil Nadu"", ""Telangana"", ""Tripura"", ""Uttar Pradesh"", ""Uttarakhand"", ""West Bengal"", ""Delhi"", ""Jammu & Kashmir"", ""Ladakh"", ""Puducherry"", ""Chandigarh"", ""Dadra and Nagar Haveli"", ""Lakshadweep"", ""Andaman and Nicobar Islands""]",Regional,True,,,,,,1996,,,,False,,,gemini_rbi,success,
Societe Generale,Foreign Bank,,,,False,,[],,[],,,[],,False,,,,,,,,,,False,,,gemini_rbi,failed,All models failed
Sonali Bank PLC,Foreign Bank,https://www.sonalibank.com.bd,,,False,,"[""Business Loan"", ""Working Capital"", ""MSME Loan""]",Trade Finance and Remittances,"[""Business Loan"", ""Working Capital"", ""MSME Loan""]","Kolkata, West Bengal",West Bengal,"[""Andhra Pradesh"", ""Arunachal Pradesh"", ""Assam"", ""Bihar"", ""Chhattisgarh"", ""Goa"", ""Gujarat"", ""Haryana"", ""Himachal Pradesh"", ""Jharkhand"", ""Karnataka"", ""Kerala"", ""Madhya Pradesh"", ""Maharashtra"", ""Manipur"", ""Meghalaya"", ""Mizoram"", ""Nagaland"", ""Odisha"", ""Punjab"", ""Rajasthan"", ""Sikkim"", ""Tamil Nadu"", ""Telangana"", ""Tripura"", ""Uttar Pradesh"", ""Uttarakhand"", ""West Bengal"", ""Delhi"", ""Jammu & Kashmir"", ""Ladakh"", ""Puducherry"", ""Chandigarh"", ""Dadra and Nagar Haveli"", ""Lakshadweep"", ""Andaman and Nicobar Islands""]",Single State,True,,,,,,1995,,,,False,,,gemini_rbi,success,
"Standard Chartered Bank Crescenzo Parini, 3A",Foreign Bank,https://www.sc.com/in/,110000.0,20400.0,False,,"[""Personal Loan"", ""Home Loan"", ""Business Loan"", ""Credit Card"", ""Loan Against Property"", ""Working Capital""]",Banking Services,"[""Personal Loan"", ""Home Loan"", ""Business Loan"", ""Credit Card"", ""Loan Against Property"", ""Working Capital""]","Mumbai, Maharashtra",Maharashtra,"[""Andhra Pradesh"", ""Arunachal Pradesh"", ""Assam"", ""Bihar"", ""Chhattisgarh"", ""Goa"", ""Gujarat"", ""Haryana"", ""Himachal Pradesh"", ""Jharkhand"", ""Karnataka"", ""Kerala"", ""Madhya Pradesh"", ""Maharashtra"", ""Manipur"", ""Meghalaya"", ""Mizoram"", ""Nagaland"", ""Odisha"", ""Punjab"", ""Rajasthan"", ""Sikkim"", ""Tamil Nadu"", ""Telangana"", ""Tripura"", ""Uttar Pradesh"", ""Uttarakhand"", ""West Bengal"", ""Delhi"", ""Jammu & Kashmir"", ""Ladakh"", ""Puducherry"", ""Chandigarh"", ""Dadra and Nagar Haveli"", ""Lakshadweep"", ""Andaman and Nicobar Islands""]",Pan India,True,,,,,,1858,20000,,,False,,,gemini_rbi,success,
Sumitomo Mitsui Banking Corporation,Foreign Bank,,,,False,,[],,[],,,[],,False,,,,,,,,,,False,,,gemini_rbi,failed,All models failed
United Overseas Bank Limited,Foreign Bank,https://www.uobgroup.com/uobindia/index.html,,,False,,"[""Business Loan"", ""Working Capital""]",Corporate Banking,"[""Business Loan"", ""Working Capital""]","Mumbai, Maharashtra",Maharashtra,"[""Andhra Pradesh"", ""Arunachal Pradesh"", ""Assam"", ""Bihar"", ""Chhattisgarh"", ""Goa"", ""Gujarat"", ""Haryana"", ""Himachal Pradesh"", ""Jharkhand"", ""Karnataka"", ""Kerala"", ""Madhya Pradesh"", ""Maharashtra"", ""Manipur"", ""Meghalaya"", ""Mizoram"", ""Nagaland"", ""Odisha"", ""Punjab"", ""Rajasthan"", ""Sikkim"", ""Tamil Nadu"", ""Telangana"", ""Tripura"", ""Uttar Pradesh"", ""Uttarakhand"", ""West Bengal"", ""Delhi"", ""Jammu & Kashmir"", ""Ladakh"", ""Puducherry"", ""Chandigarh"", ""Dadra and Nagar Haveli"", ""Lakshadweep"", ""Andaman and Nicobar Islands""]",Regional,True,,,,,,2009,,,,False,,,gemini_rbi,success,
UBS AG,Foreign Bank,https://www.ubs.com/in/en.html,,,False,,[],"Investment Banking, Wealth Management, Global Business Services",[],"Mumbai, Maharashtra",Maharashtra,"[""Andhra Pradesh"", ""Arunachal Pradesh"", ""Assam"", ""Bihar"", ""Chhattisgarh"", ""Goa"", ""Gujarat"", ""Haryana"", ""Himachal Pradesh"", ""Jharkhand"", ""Karnataka"", ""Kerala"", ""Madhya Pradesh"", ""Maharashtra"", ""Manipur"", ""Meghalaya"", ""Mizoram"", ""Nagaland"", ""Odisha"", ""Punjab"", ""Rajasthan"", ""Sikkim"", ""Tamil Nadu"", ""Telangana"", ""Tripura"", ""Uttar Pradesh"", ""Uttarakhand"", ""West Bengal"", ""Delhi"", ""Jammu & Kashmir"", ""Ladakh"", ""Puducherry"", ""Chandigarh"", ""Dadra and Nagar Haveli"", ""Lakshadweep"", ""Andaman and Nicobar Islands""]",Regional,True,,,,,,1996,7000,,,False,,,gemini_rbi,success,
Woori Bank Unit No,Foreign Bank,https://www.wooribank.in/,,,False,,"[""Working Capital"", ""Business Loan"", ""MSME Loan""]",Corporate and SME Banking,"[""Working Capital"", ""Business Loan"", ""MSME Loan""]","Mumbai, Maharashtra",Maharashtra,"[""Andhra Pradesh"", ""Arunachal Pradesh"", ""Assam"", ""Bihar"", ""Chhattisgarh"", ""Goa"", ""Gujarat"", ""Haryana"", ""Himachal Pradesh"", ""Jharkhand"", ""Karnataka"", ""Kerala"", ""Madhya Pradesh"", ""Maharashtra"", ""Manipur"", ""Meghalaya"", ""Mizoram"", ""Nagaland"", ""Odisha"", ""Punjab"", ""Rajasthan"", ""Sikkim"", ""Tamil Nadu"", ""Telangana"", ""Tripura"", ""Uttar Pradesh"", ""Uttarakhand"", ""West Bengal"", ""Delhi"", ""Jammu & Kashmir"", ""Ladakh"", ""Puducherry"", ""Chandigarh"", ""Dadra and Nagar Haveli"", ""Lakshadweep"", ""Andaman and Nicobar Islands""]",Regional,True,,,,,,1996,,,,False,,,gemini_rbi,success,
Krishna Bhima Samruddhi LAB Ltd,Private Bank,https://kbslab.com/,308.23,39.8,False,,"[""Agriculture Loan"", ""Gold Loan"", ""Micro Loan"", ""Home Loan"", ""Business Loan"", ""Vehicle Loan"", ""Personal Loan"", ""Loan Against Property""]",Loans and Deposits,"[""Agriculture Loan"", ""Gold Loan"", ""Micro Loan"", ""Home Loan"", ""Business Loan"", ""Vehicle Loan"", ""Personal Loan"", ""Loan Against Property""]","Amarachinta, Telangana",Telangana,"[""Andhra Pradesh"", ""Arunachal Pradesh"", ""Assam"", ""Bihar"", ""Chhattisgarh"", ""Goa"", ""Gujarat"", ""Haryana"", ""Himachal Pradesh"", ""Jharkhand"", ""Karnataka"", ""Kerala"", ""Madhya Pradesh"", ""Maharashtra"", ""Manipur"", ""Meghalaya"", ""Mizoram"", ""Nagaland"", ""Odisha"", ""Punjab"", ""Rajasthan"", ""Sikkim"", ""Tamil Nadu"", ""Telangana"", ""Tripura"", ""Uttar Pradesh"", ""Uttarakhand"", ""West Bengal"", ""Delhi"", ""Jammu & Kashmir"", ""Ladakh"", ""Puducherry"", ""Chandigarh"", ""Dadra and Nagar Haveli"", ""Lakshadweep"", ""Andaman and Nicobar Islands""]",Regional,True,,,,,,2000,115,,,False,,,gemini_rbi,success,
The Assam Co-operative Apex Bank Ltd.,Cooperative Bank,https://www.assamcooperativeapexbank.com/,1500.0,290.0,False,,"[""Agriculture Loan"", ""MSME Loan"", ""Home Loan"", ""Personal Loan"", ""Vehicle Loan"", ""Education Loan"", ""Loan Against Property"", ""Gold Loan"", ""Working Capital"", ""Business Loan"", ""Consumer Durable Loan""]",Retail & Agricultural Banking,"[""Agriculture Loan"", ""MSME Loan"", ""Home Loan"", ""Personal Loan"", ""Vehicle Loan"", ""Education Loan"", ""Loan Against Property"", ""Gold Loan"", ""Working Capital"", ""Business Loan"", ""Consumer Durable Loan""]","Guwahati, Assam",Assam,"[""Assam""]",Single State,False,,,,,,1948,1000,,,False,,,gemini_rbi,success,
The Chhattisgarh Rajya Sahakari Bank Maryadit,Cooperative Bank,https://www.cgapexbank.com/,8000.0,1050.25,False,,"[""Agriculture Loan"", ""Personal Loan"", ""Home Loan"", ""Vehicle Loan"", ""Gold Loan"", ""Loan Against Property"", ""MSME Loan""]",Banking Services,"[""Agriculture Loan"", ""Personal Loan"", ""Home Loan"", ""Vehicle Loan"", ""Gold Loan"", ""Loan Against Property"", ""MSME Loan""]","Raipur, Chhattisgarh",Chhattisgarh,"[""Chhattisgarh""]",Single State,False,,,,,,2000,,,,False,,,gemini_rbi,success,
The Madhya Pradesh Rajya Sahakari Bank Maryadit,Cooperative Bank,,,,False,,[],,[],,,[],,False,,,,,,,,,,False,,,gemini_rbi,failed,All models failed
The Meghalaya Co-operative Apex Bank Ltd.,Cooperative Bank,https://www.mcab.org.in/,450.29,140.23,False,,"[""Agriculture Loan"", ""MSME Loan"", ""Home Loan"", ""Personal Loan"", ""Vehicle Loan"", ""Education Loan"", ""Gold Loan"", ""Loan Against Property"", ""Business Loan"", ""Micro Loan"", ""Working Capital"", ""Consumer Durable Loan""]",Financial Services,"[""Agriculture Loan"", ""MSME Loan"", ""Home Loan"", ""Personal Loan"", ""Vehicle Loan"", ""Education Loan"", ""Gold Loan"", ""Loan Against Property"", ""Business Loan"", ""Micro Loan"", ""Working Capital"", ""Consumer Durable Loan""]","Shillong, Meghalaya",Meghalaya,"[""Meghalaya""]",Single State,False,,,,,,1971,300,,,False,,,gemini_rbi,success,
The Mizoram Co-operative Apex Bank Ltd.,Cooperative Bank,https://www.mcab.co.in/,1079.0,115.0,False,,"[""Agriculture Loan"", ""Home Loan"", ""Vehicle Loan"", ""Personal Loan"", ""Gold Loan"", ""Education Loan"", ""Loan Against Property"", ""Working Capital"", ""Business Loan"", ""MSME Loan""]",Agriculture Loan,"[""Agriculture Loan"", ""Home Loan"", ""Vehicle Loan"", ""Personal Loan"", ""Gold Loan"", ""Education Loan"", ""Loan Against Property"", ""Working Capital"", ""Business Loan"", ""MSME Loan""]","Aizawl, Mizoram",Mizoram,"[""Mizoram""]",Single State,False,,,,,,1983,,,,False,,,gemini_rbi,success,
The Tamil Nadu State Apex Co-operative Bank Ltd.,Cooperative Bank,https://www.tnscbank.com/,10750.77,1061.08,False,,"[""Agriculture Loan"", ""Gold Loan"", ""Home Loan"", ""Personal Loan"", ""Loan Against Property"", ""Business Loan"", ""Vehicle Loan"", ""Education Loan"", ""MSME Loan"", ""Working Capital""]",Banking Services,"[""Agriculture Loan"", ""Gold Loan"", ""Home Loan"", ""Personal Loan"", ""Loan Against Property"", ""Business Loan"", ""Vehicle Loan"", ""Education Loan"", ""MSME Loan"", ""Working Capital""]","Chennai, Tamil Nadu",Tamil Nadu,"[""Tamil Nadu""]",Single State,False,,,,,,1905,1000,,,False,,,gemini_rbi,success,
The Chhatisgarh Rajya Sahakari Bank Maryadit,Cooperative Bank,https://cgsb.co.in/,10030.0,1000.0,False,,"[""Agriculture Loan"", ""Home Loan"", ""Vehicle Loan"", ""Personal Loan"", ""Gold Loan"", ""Loan Against Property"", ""Education Loan"", ""Working Capital"", ""MSME Loan"", ""Business Loan""]",Banking Services,"[""Agriculture Loan"", ""Home Loan"", ""Vehicle Loan"", ""Personal Loan"", ""Gold Loan"", ""Loan Against Property"", ""Education Loan"", ""Working Capital"", ""MSME Loan"", ""Business Loan""]","Atal Nagar, Chhattisgarh",Chhattisgarh,"[""Chhattisgarh""]",Single State,False,,,,,,2000,,,,False,,,gemini_rbi,success,
The Haryana State Co-operative Apex Bank Ltd.,Cooperative Bank,,,,False,,[],,[],,,[],,False,,,,,,,,,,False,,,gemini_rbi,failed,All models failed
The Karnataka State Co-operative Apex Bank Ltd.,Cooperative Bank,https://karnatakaapexbank.com/,10000.0,1000.0,False,,"[""Agriculture Loan"", ""MSME Loan"", ""Personal Loan"", ""Home Loan"", ""Vehicle Loan"", ""Gold Loan"", ""Education Loan"", ""Loan Against Property"", ""Working Capital""]",Agriculture Loan,"[""Agriculture Loan"", ""MSME Loan"", ""Personal Loan"", ""Home Loan"", ""Vehicle Loan"", ""Gold Loan"", ""Education Loan"", ""Loan Against Property"", ""Working Capital""]","Bengaluru, Karnataka",Karnataka,"[""Karnataka""]",Single State,False,,,,,,1915,1025,,,False,,,gemini_rbi,success,
The Telangana State Cooperative Apex Bank Ltd.,Cooperative Bank,https://www.tscab.org/,18041.0,1830.41,False,,"[""Agriculture Loan"", ""MSME Loan"", ""Home Loan"", ""Gold Loan"", ""Personal Loan"", ""Education Loan"", ""Vehicle Loan"", ""Business Loan"", ""Loan Against Property"", ""Working Capital""]",Banking Services,"[""Agriculture Loan"", ""MSME Loan"", ""Home Loan"", ""Gold Loan"", ""Personal Loan"", ""Education Loan"", ""Vehicle Loan"", ""Business Loan"", ""Loan Against Property"", ""Working Capital""]","Hyderabad, Telangana",Telangana,"[""Telangana""]",Single State,False,,,,,,1963,602,,,False,,,gemini_rbi,success,
The Arunachal Pradesh State Co-operative Apex Bank Ltd.,Cooperative Bank,https://www.arunachalapexbank.com/,600.0,140.0,False,,"[""Agriculture Loan"", ""MSME Loan"", ""Home Loan"", ""Personal Loan"", ""Vehicle Loan"", ""Education Loan"", ""Gold Loan"", ""Loan Against Property""]",Banking Services,"[""Agriculture Loan"", ""MSME Loan"", ""Home Loan"", ""Personal Loan"", ""Vehicle Loan"", ""Education Loan"", ""Gold Loan"", ""Loan Against Property""]","Itanagar, Arunachal Pradesh",Arunachal Pradesh,"[""Arunachal Pradesh""]",Single State,False,,,,,,1971,,,,False,,,gemini_rbi,success,
National Bank for Agriculture and Rural Development,PSU Bank,https://www.nabard.org/,707067.89,36047.46,False,,"[""Agriculture Loan""]",Refinancing and development finance for agriculture and rural development,"[""Agriculture Loan""]","Mumbai, Maharashtra",Maharashtra,"[""Andhra Pradesh"", ""Arunachal Pradesh"", ""Assam"", ""Bihar"", ""Chhattisgarh"", ""Goa"", ""Gujarat"", ""Haryana"", ""Himachal Pradesh"", ""Jharkhand"", ""Karnataka"", ""Kerala"", ""Madhya Pradesh"", ""Maharashtra"", ""Manipur"", ""Meghalaya"", ""Mizoram"", ""Nagaland"", ""Odisha"", ""Punjab"", ""Rajasthan"", ""Sikkim"", ""Tamil Nadu"", ""Telangana"", ""Tripura"", ""Uttar Pradesh"", ""Uttarakhand"", ""West Bengal"", ""Delhi"", ""Jammu & Kashmir"", ""Ladakh"", ""Puducherry"", ""Chandigarh"", ""Dadra and Nagar Haveli"", ""Lakshadweep"", ""Andaman and Nicobar Islands""]",Pan India,True,,,,,,1982,3745,,,False,,,gemini_rbi,success,
Export-Import Bank of India,PSU Bank,https://www.eximbankindia.in/,148760.0,18780.0,False,,[],Export-Import Finance,[],"Mumbai, Maharashtra",Maharashtra,"[""Andhra Pradesh"", ""Arunachal Pradesh"", ""Assam"", ""Bihar"", ""Chhattisgarh"", ""Goa"", ""Gujarat"", ""Haryana"", ""Himachal Pradesh"", ""Jharkhand"", ""Karnataka"", ""Kerala"", ""Madhya Pradesh"", ""Maharashtra"", ""Manipur"", ""Meghalaya"", ""Mizoram"", ""Nagaland"", ""Odisha"", ""Punjab"", ""Rajasthan"", ""Sikkim"", ""Tamil Nadu"", ""Telangana"", ""Tripura"", ""Uttar Pradesh"", ""Uttarakhand"", ""West Bengal"", ""Delhi"", ""Jammu & Kashmir"", ""Ladakh"", ""Puducherry"", ""Chandigarh"", ""Dadra and Nagar Haveli"", ""Lakshadweep"", ""Andaman and Nicobar Islands""]",Pan India,True,,,,,,1982,465,,,False,,,gemini_rbi,success,
National Housing Bank,PSU Bank,https://nhb.org.in/,90098.39,7690.69,False,,"[""Home Loan""]",Refinance for Housing Loans,"[""Home Loan""]","New Delhi, Delhi",Delhi,"[""Andhra Pradesh"", ""Arunachal Pradesh"", ""Assam"", ""Bihar"", ""Chhattisgarh"", ""Goa"", ""Gujarat"", ""Haryana"", ""Himachal Pradesh"", ""Jharkhand"", ""Karnataka"", ""Kerala"", ""Madhya Pradesh"", ""Maharashtra"", ""Manipur"", ""Meghalaya"", ""Mizoram"", ""Nagaland"", ""Odisha"", ""Punjab"", ""Rajasthan"", ""Sikkim"", ""Tamil Nadu"", ""Telangana"", ""Tripura"", ""Uttar Pradesh"", ""Uttarakhand"", ""West Bengal"", ""Delhi"", ""Jammu & Kashmir"", ""Ladakh"", ""Puducherry"", ""Chandigarh"", ""Dadra and Nagar Haveli"", ""Lakshadweep"", ""Andaman and Nicobar Islands""]",Pan India,True,,,,,,1988,249,,,False,,,gemini_rbi,success,
Small Industries Development Bank of India,PSU Bank,https://www.sidbi.in,105735.0,10064.0,False,,"[""MSME Loan"", ""Business Loan"", ""Working Capital""]",MSME Financing and Development,"[""MSME Loan"", ""Business Loan"", ""Working Capital""]","Lucknow, Uttar Pradesh",Uttar Pradesh,"[""Andhra Pradesh"", ""Arunachal Pradesh"", ""Assam"", ""Bihar"", ""Chhattisgarh"", ""Goa"", ""Gujarat"", ""Haryana"", ""Himachal Pradesh"", ""Jharkhand"", ""Karnataka"", ""Kerala"", ""Madhya Pradesh"", ""Maharashtra"", ""Manipur"", ""Meghalaya"", ""Mizoram"", ""Nagaland"", ""Odisha"", ""Punjab"", ""Rajasthan"", ""Sikkim"", ""Tamil Nadu"", ""Telangana"", ""Tripura"", ""Uttar Pradesh"", ""Uttarakhand"", ""West Bengal"", ""Delhi"", ""Jammu & Kashmir"", ""Ladakh"", ""Puducherry"", ""Chandigarh"", ""Dadra and Nagar Haveli"", ""Lakshadweep"", ""Andaman and Nicobar Islands""]",Pan India,True,,,,,,1990,1060,,,False,,,gemini_rbi,success,
AB Bank Ltd.,Foreign Bank,https://www.abbank.com.bd/india-operations/,,,False,,"[""Business Loan"", ""Working Capital""]",Corporate Banking,"[""Business Loan"", ""Working Capital""]","Mumbai, Maharashtra",Maharashtra,"[""Andhra Pradesh"", ""Arunachal Pradesh"", ""Assam"", ""Bihar"", ""Chhattisgarh"", ""Goa"", ""Gujarat"", ""Haryana"", ""Himachal Pradesh"", ""Jharkhand"", ""Karnataka"", ""Kerala"", ""Madhya Pradesh"", ""Maharashtra"", ""Manipur"", ""Meghalaya"", ""Mizoram"", ""Nagaland"", ""Odisha"", ""Punjab"", ""Rajasthan"", ""Sikkim"", ""Tamil Nadu"", ""Telangana"", ""Tripura"", ""Uttar Pradesh"", ""Uttarakhand"", ""West Bengal"", ""Delhi"", ""Jammu & Kashmir"", ""Ladakh"", ""Puducherry"", ""Chandigarh"", ""Dadra and Nagar Haveli"", ""Lakshadweep"", ""Andaman and Nicobar Islands""]",Single State,True,,,,,,1996,,,,False,,,gemini_rbi,success,
Barclays Bank Plc.,Foreign Bank,https://www.barclays.in,19021.0,3626.0,False,,"[""Business Loan"", ""Working Capital""]",Corporate Banking,"[""Business Loan"", ""Working Capital""]","Mumbai, Maharashtra",Maharashtra,"[""Andhra Pradesh"", ""Arunachal Pradesh"", ""Assam"", ""Bihar"", ""Chhattisgarh"", ""Goa"", ""Gujarat"", ""Haryana"", ""Himachal Pradesh"", ""Jharkhand"", ""Karnataka"", ""Kerala"", ""Madhya Pradesh"", ""Maharashtra"", ""Manipur"", ""Meghalaya"", ""Mizoram"", ""Nagaland"", ""Odisha"", ""Punjab"", ""Rajasthan"", ""Sikkim"", ""Tamil Nadu"", ""Telangana"", ""Tripura"", ""Uttar Pradesh"", ""Uttarakhand"", ""West Bengal"", ""Delhi"", ""Jammu & Kashmir"", ""Ladakh"", ""Puducherry"", ""Chandigarh"", ""Dadra and Nagar Haveli"", ""Lakshadweep"", ""Andaman and Nicobar Islands""]",Regional,True,,,,,,1990,1010,,,False,,,gemini_rbi,success,
Bank of Ceylon,Foreign Bank,https://www.bankofceylon.lk/index.php/international-operations/india,,,False,,"[""Business Loan"", ""Working Capital""]",Corporate Banking,"[""Business Loan"", ""Working Capital""]","Chennai, Tamil Nadu",Tamil Nadu,"[""Andhra Pradesh"", ""Arunachal Pradesh"", ""Assam"", ""Bihar"", ""Chhattisgarh"", ""Goa"", ""Gujarat"", ""Haryana"", ""Himachal Pradesh"", ""Jharkhand"", ""Karnataka"", ""Kerala"", ""Madhya Pradesh"", ""Maharashtra"", ""Manipur"", ""Meghalaya"", ""Mizoram"", ""Nagaland"", ""Odisha"", ""Punjab"", ""Rajasthan"", ""Sikkim"", ""Tamil Nadu"", ""Telangana"", ""Tripura"", ""Uttar Pradesh"", ""Uttarakhand"", ""West Bengal"", ""Delhi"", ""Jammu & Kashmir"", ""Ladakh"", ""Puducherry"", ""Chandigarh"", ""Dadra and Nagar Haveli"", ""Lakshadweep"", ""Andaman and Nicobar Islands""]",Single State,True,,,,,,1995,,,,False,,,gemini_rbi,success,
Bank of Nova Scotia,Foreign Bank,https://www.scotiabank.com/in/en/corporate/about-scotiabank/scotiabank-in-india.html,,,False,,"[""Business Loan"", ""Working Capital""]",Corporate Banking,"[""Business Loan"", ""Working Capital""]","Mumbai, Maharashtra",Maharashtra,"[""Andhra Pradesh"", ""Arunachal Pradesh"", ""Assam"", ""Bihar"", ""Chhattisgarh"", ""Goa"", ""Gujarat"", ""Haryana"", ""Himachal Pradesh"", ""Jharkhand"", ""Karnataka"", ""Kerala"", ""Madhya Pradesh"", ""Maharashtra"", ""Manipur"", ""Meghalaya"", ""Mizoram"", ""Nagaland"", ""Odisha"", ""Punjab"", ""Rajasthan"", ""Sikkim"", ""Tamil Nadu"", ""Telangana"", ""Tripura"", ""Uttar Pradesh"", ""Uttarakhand"", ""West Bengal"", ""Delhi"", ""Jammu & Kashmir"", ""Ladakh"", ""Puducherry"", ""Chandigarh"", ""Dadra and Nagar Haveli"", ""Lakshadweep"", ""Andaman and Nicobar Islands""]",Single State,True,,,,,,1985,,,,False,,,gemini_rbi,success,
Citibank N.A.,Foreign Bank,,,,False,,[],,[],,,[],,False,,,,,,,,,,False,,,gemini_rbi,failed,All models failed
Cooperatieve Rabobank U.A./ Coöperatieve Centrale Raiffeisen-Boerenleenbank B.A.,Foreign Bank,https://www.rabobank.com/india,,,False,,"[""Business Loan"", ""Agriculture Loan"", ""Working Capital""]",Corporate Banking and Food & Agri Finance,"[""Business Loan"", ""Agriculture Loan"", ""Working Capital""]","Mumbai, Maharashtra",Maharashtra,"[""Andhra Pradesh"", ""Arunachal Pradesh"", ""Assam"", ""Bihar"", ""Chhattisgarh"", ""Goa"", ""Gujarat"", ""Haryana"", ""Himachal Pradesh"", ""Jharkhand"", ""Karnataka"", ""Kerala"", ""Madhya Pradesh"", ""Maharashtra"", ""Manipur"", ""Meghalaya"", ""Mizoram"", ""Nagaland"", ""Odisha"", ""Punjab"", ""Rajasthan"", ""Sikkim"", ""Tamil Nadu"", ""Telangana"", ""Tripura"", ""Uttar Pradesh"", ""Uttarakhand"", ""West Bengal"", ""Delhi"", ""Jammu & Kashmir"", ""Ladakh"", ""Puducherry"", ""Chandigarh"", ""Dadra and Nagar Haveli"", ""Lakshadweep"", ""Andaman and Nicobar Islands""]",Regional,True,,,,,,1998,,,,False,,,gemini_rbi,success,
"CTBC Bank Co., Ltd.",Foreign Bank,https://www.ctbcbank.com/twrbo/en/about_us/global_network/asia/india.html,,,False,,"[""Business Loan"", ""Working Capital""]",Corporate Banking,"[""Business Loan"", ""Working Capital""]","Mumbai, Maharashtra",Maharashtra,"[""Andhra Pradesh"", ""Arunachal Pradesh"", ""Assam"", ""Bihar"", ""Chhattisgarh"", ""Goa"", ""Gujarat"", ""Haryana"", ""Himachal Pradesh"", ""Jharkhand"", ""Karnataka"", ""Kerala"", ""Madhya Pradesh"", ""Maharashtra"", ""Manipur"", ""Meghalaya"", ""Mizoram"", ""Nagaland"", ""Odisha"", ""Punjab"", ""Rajasthan"", ""Sikkim"", ""Tamil Nadu"", ""Telangana"", ""Tripura"", ""Uttar Pradesh"", ""Uttarakhand"", ""West Bengal"", ""Delhi"", ""Jammu & Kashmir"", ""Ladakh"", ""Puducherry"", ""Chandigarh"", ""Dadra and Nagar Haveli"", ""Lakshadweep"", ""Andaman and Nicobar Islands""]",Single State,True,,,,,,2012,,,,False,,,gemini_rbi,success,
Deutsche Bank A.G.,Foreign Bank,,,,False,,[],,[],,,[],,False,,,,,,,,,,False,,,gemini_rbi,failed,All models failed
First Abu Dhabi Bank PJSC,Foreign Bank,https://www.bankfab.com/en-in/,3307.0,532.0,False,,"[""Business Loan"", ""Working Capital""]",Corporate & Investment Banking,"[""Business Loan"", ""Working Capital""]","Mumbai, Maharashtra",Maharashtra,"[""Andhra Pradesh"", ""Arunachal Pradesh"", ""Assam"", ""Bihar"", ""Chhattisgarh"", ""Goa"", ""Gujarat"", ""Haryana"", ""Himachal Pradesh"", ""Jharkhand"", ""Karnataka"", ""Kerala"", ""Madhya Pradesh"", ""Maharashtra"", ""Manipur"", ""Meghalaya"", ""Mizoram"", ""Nagaland"", ""Odisha"", ""Punjab"", ""Rajasthan"", ""Sikkim"", ""Tamil Nadu"", ""Telangana"", ""Tripura"", ""Uttar Pradesh"", ""Uttarakhand"", ""West Bengal"", ""Delhi"", ""Jammu & Kashmir"", ""Ladakh"", ""Puducherry"", ""Chandigarh"", ""Dadra and Nagar Haveli"", ""Lakshadweep"", ""Andaman and Nicobar Islands""]",Regional,True,,,,,,2019,63,,,False,,,gemini_rbi,success,
J.P. Morgan Chase Bank N.A.,Foreign Bank,,,,False,,[],,[],,,[],,False,,,,,,,,,,False,,,gemini_rbi,failed,All models failed
JSC VTB Bank,Foreign Bank,https://www.vtb.com/,,,False,,[],,[],"Mumbai, Maharashtra",Maharashtra,"[""Andhra Pradesh"", ""Arunachal Pradesh"", ""Assam"", ""Bihar"", ""Chhattisgarh"", ""Goa"", ""Gujarat"", ""Haryana"", ""Himachal Pradesh"", ""Jharkhand"", ""Karnataka"", ""Kerala"", ""Madhya Pradesh"", ""Maharashtra"", ""Manipur"", ""Meghalaya"", ""Mizoram"", ""Nagaland"", ""Odisha"", ""Punjab"", ""Rajasthan"", ""Sikkim"", ""Tamil Nadu"", ""Telangana"", ""Tripura"", ""Uttar Pradesh"", ""Uttarakhand"", ""West Bengal"", ""Delhi"", ""Jammu & Kashmir"", ""Ladakh"", ""Puducherry"", ""Chandigarh"", ""Dadra and Nagar Haveli"", ""Lakshadweep"", ""Andaman and Nicobar Islands""]",Single State,True,,,,,,2010,,,,False,,,gemini_rbi,success,
Kookmin Bank,Foreign Bank,https://www.kbstar.com/global/main.do,,,False,,"[""Business Loan"", ""Working Capital""]",Corporate Banking and Trade Finance,"[""Business Loan"", ""Working Capital""]","Mumbai, Maharashtra",Maharashtra,"[""Andhra Pradesh"", ""Arunachal Pradesh"", ""Assam"", ""Bihar"", ""Chhattisgarh"", ""Goa"", ""Gujarat"", ""Haryana"", ""Himachal Pradesh"", ""Jharkhand"", ""Karnataka"", ""Kerala"", ""Madhya Pradesh"", ""Maharashtra"", ""Manipur"", ""Meghalaya"", ""Mizoram"", ""Nagaland"", ""Odisha"", ""Punjab"", ""Rajasthan"", ""Sikkim"", ""Tamil Nadu"", ""Telangana"", ""Tripura"", ""Uttar Pradesh"", ""Uttarakhand"", ""West Bengal"", ""Delhi"", ""Jammu & Kashmir"", ""Ladakh"", ""Puducherry"", ""Chandigarh"", ""Dadra and Nagar Haveli"", ""Lakshadweep"", ""Andaman and Nicobar Islands""]",Single State,True,,,,,,2012,,,,False,,,gemini_rbi,success,
Mashreq bank P.S.C,Foreign Bank,https://www.mashreqbank.com/en/india/,,,False,,"[""Business Loan"", ""Working Capital""]",Corporate Banking,"[""Business Loan"", ""Working Capital""]","Mumbai, Maharashtra",Maharashtra,"[""Andhra Pradesh"", ""Arunachal Pradesh"", ""Assam"", ""Bihar"", ""Chhattisgarh"", ""Goa"", ""Gujarat"", ""Haryana"", ""Himachal Pradesh"", ""Jharkhand"", ""Karnataka"", ""Kerala"", ""Madhya Pradesh"", ""Maharashtra"", ""Manipur"", ""Meghalaya"", ""Mizoram"", ""Nagaland"", ""Odisha"", ""Punjab"", ""Rajasthan"", ""Sikkim"", ""Tamil Nadu"", ""Telangana"", ""Tripura"", ""Uttar Pradesh"", ""Uttarakhand"", ""West Bengal"", ""Delhi"", ""Jammu & Kashmir"", ""Ladakh"", ""Puducherry"", ""Chandigarh"", ""Dadra and Nagar Haveli"", ""Lakshadweep"", ""Andaman and Nicobar Islands""]",Regional,True,,,,,,1980,,,,False,,,gemini_rbi,success,
Mizuho Bank Ltd.,Foreign Bank,https://www.mizuhogroup.com/asia-oceania/india,,,False,,"[""Business Loan"", ""Working Capital""]",Corporate Banking & Trade Finance,"[""Business Loan"", ""Working Capital""]","Mumbai, Maharashtra",Maharashtra,"[""Andhra Pradesh"", ""Arunachal Pradesh"", ""Assam"", ""Bihar"", ""Chhattisgarh"", ""Goa"", ""Gujarat"", ""Haryana"", ""Himachal Pradesh"", ""Jharkhand"", ""Karnataka"", ""Kerala"", ""Madhya Pradesh"", ""Maharashtra"", ""Manipur"", ""Meghalaya"", ""Mizoram"", ""Nagaland"", ""Odisha"", ""Punjab"", ""Rajasthan"", ""Sikkim"", ""Tamil Nadu"", ""Telangana"", ""Tripura"", ""Uttar Pradesh"", ""Uttarakhand"", ""West Bengal"", ""Delhi"", ""Jammu & Kashmir"", ""Ladakh"", ""Puducherry"", ""Chandigarh"", ""Dadra and Nagar Haveli"", ""Lakshadweep"", ""Andaman and Nicobar Islands""]",Regional,True,,,,,,1958,,,,False,,,gemini_rbi,success,
"MUFG Bank, Ltd.",Foreign Bank,https://www.mufg.jp/english/global_network/asia/india/index.html,40000.0,3300.0,False,,"[""Business Loan"", ""Working Capital""]",Corporate Banking,"[""Business Loan"", ""Working Capital""]","Mumbai, Maharashtra",Maharashtra,"[""Andhra Pradesh"", ""Arunachal Pradesh"", ""Assam"", ""Bihar"", ""Chhattisgarh"", ""Goa"", ""Gujarat"", ""Haryana"", ""Himachal Pradesh"", ""Jharkhand"", ""Karnataka"", ""Kerala"", ""Madhya Pradesh"", ""Maharashtra"", ""Manipur"", ""Meghalaya"", ""Mizoram"", ""Nagaland"", ""Odisha"", ""Punjab"", ""Rajasthan"", ""Sikkim"", ""Tamil Nadu"", ""Telangana"", ""Tripura"", ""Uttar Pradesh"", ""Uttarakhand"", ""West Bengal"", ""Delhi"", ""Jammu & Kashmir"", ""Ladakh"", ""Puducherry"", ""Chandigarh"", ""Dadra and Nagar Haveli"", ""Lakshadweep"", ""Andaman and Nicobar Islands""]",Regional,True,,,,,,1986,1000,,,False,,,gemini_rbi,success,
Nong Hyup Bank,Foreign Bank,https://www.nhbank.com/,,,False,,"[""Business Loan"", ""Working Capital""]",Corporate Banking,"[""Business Loan"", ""Working Capital""]","Mumbai, Maharashtra",Maharashtra,"[""Andhra Pradesh"", ""Arunachal Pradesh"", ""Assam"", ""Bihar"", ""Chhattisgarh"", ""Goa"", ""Gujarat"", ""Haryana"", ""Himachal Pradesh"", ""Jharkhand"", ""Karnataka"", ""Kerala"", ""Madhya Pradesh"", ""Maharashtra"", ""Manipur"", ""Meghalaya"", ""Mizoram"", ""Nagaland"", ""Odisha"", ""Punjab"", ""Rajasthan"", ""Sikkim"", ""Tamil Nadu"", ""Telangana"", ""Tripura"", ""Uttar Pradesh"", ""Uttarakhand"", ""West Bengal"", ""Delhi"", ""Jammu & Kashmir"", ""Ladakh"", ""Puducherry"", ""Chandigarh"", ""Dadra and Nagar Haveli"", ""Lakshadweep"", ""Andaman and Nicobar Islands""]",Single State,True,,,,,,2017,,,,False,,,gemini_rbi,success,
Qatar National Bank (Q.P.S.C.),Foreign Bank,https://www.qnb.com/,,,False,,[],"Representative office services (liaison, business facilitation)",[],"Mumbai, Maharashtra",Maharashtra,"[""Andhra Pradesh"", ""Arunachal Pradesh"", ""Assam"", ""Bihar"", ""Chhattisgarh"", ""Goa"", ""Gujarat"", ""Haryana"", ""Himachal Pradesh"", ""Jharkhand"", ""Karnataka"", ""Kerala"", ""Madhya Pradesh"", ""Maharashtra"", ""Manipur"", ""Meghalaya"", ""Mizoram"", ""Nagaland"", ""Odisha"", ""Punjab"", ""Rajasthan"", ""Sikkim"", ""Tamil Nadu"", ""Telangana"", ""Tripura"", ""Uttar Pradesh"", ""Uttarakhand"", ""West Bengal"", ""Delhi"", ""Jammu & Kashmir"", ""Ladakh"", ""Puducherry"", ""Chandigarh"", ""Dadra and Nagar Haveli"", ""Lakshadweep"", ""Andaman and Nicobar Islands""]",Single State,True,,,,,,2013,,,,False,,,gemini_rbi,success,
Shinhan Bank,Foreign Bank,,,,False,,[],,[],,,[],,False,,,,,,,,,,False,,,gemini_rbi,failed,All models failed
Sonali Bank Ltd.,Foreign Bank,https://www.sonalibank.com.bd/,,,False,,"[""Business Loan"", ""Working Capital""]",Trade Finance and Remittances,"[""Business Loan"", ""Working Capital""]","Kolkata, West Bengal",West Bengal,"[""Andhra Pradesh"", ""Arunachal Pradesh"", ""Assam"", ""Bihar"", ""Chhattisgarh"", ""Goa"", ""Gujarat"", ""Haryana"", ""Himachal Pradesh"", ""Jharkhand"", ""Karnataka"", ""Kerala"", ""Madhya Pradesh"", ""Maharashtra"", ""Manipur"", ""Meghalaya"", ""Mizoram"", ""Nagaland"", ""Odisha"", ""Punjab"", ""Rajasthan"", ""Sikkim"", ""Tamil Nadu"", ""Telangana"", ""Tripura"", ""Uttar Pradesh"", ""Uttarakhand"", ""West Bengal"", ""Delhi"", ""Jammu & Kashmir"", ""Ladakh"", ""Puducherry"", ""Chandigarh"", ""Dadra and Nagar Haveli"", ""Lakshadweep"", ""Andaman and Nicobar Islands""]",Single State,True,,,,,,1995,,,,False,,,gemini_rbi,success,
Standard Chartered Bank,Foreign Bank,https://www.sc.com/in/,70000.0,17000.0,False,,"[""Personal Loan"", ""Home Loan"", ""Business Loan"", ""Working Capital"", ""Credit Card""]",Banking Services,"[""Personal Loan"", ""Home Loan"", ""Business Loan"", ""Working Capital"", ""Credit Card""]","Mumbai, Maharashtra",Maharashtra,"[""Andhra Pradesh"", ""Arunachal Pradesh"", ""Assam"", ""Bihar"", ""Chhattisgarh"", ""Goa"", ""Gujarat"", ""Haryana"", ""Himachal Pradesh"", ""Jharkhand"", ""Karnataka"", ""Kerala"", ""Madhya Pradesh"", ""Maharashtra"", ""Manipur"", ""Meghalaya"", ""Mizoram"", ""Nagaland"", ""Odisha"", ""Punjab"", ""Rajasthan"", ""Sikkim"", ""Tamil Nadu"", ""Telangana"", ""Tripura"", ""Uttar Pradesh"", ""Uttarakhand"", ""West Bengal"", ""Delhi"", ""Jammu & Kashmir"", ""Ladakh"", ""Puducherry"", ""Chandigarh"", ""Dadra and Nagar Haveli"", ""Lakshadweep"", ""Andaman and Nicobar Islands""]",Pan India,True,,,,,,1858,20000,,,False,,,gemini_rbi,success,
Woori Bank,Foreign Bank,https://in.wooribank.com/,10740.92,1000.75,False,,"[""Working Capital"", ""Business Loan""]",Corporate Banking,"[""Working Capital"", ""Business Loan""]","Chennai, Tamil Nadu",Tamil Nadu,"[""Andhra Pradesh"", ""Arunachal Pradesh"", ""Assam"", ""Bihar"", ""Chhattisgarh"", ""Goa"", ""Gujarat"", ""Haryana"", ""Himachal Pradesh"", ""Jharkhand"", ""Karnataka"", ""Kerala"", ""Madhya Pradesh"", ""Maharashtra"", ""Manipur"", ""Meghalaya"", ""Mizoram"", ""Nagaland"", ""Odisha"", ""Punjab"", ""Rajasthan"", ""Sikkim"", ""Tamil Nadu"", ""Telangana"", ""Tripura"", ""Uttar Pradesh"", ""Uttarakhand"", ""West Bengal"", ""Delhi"", ""Jammu & Kashmir"", ""Ladakh"", ""Puducherry"", ""Chandigarh"", ""Dadra and Nagar Haveli"", ""Lakshadweep"", ""Andaman and Nicobar Islands""]",Regional,True,,,,,,2012,,,,False,,,gemini_rbi,success,
